datetime,temp,humidity,dew,sealevelpressure,winddir,solarradiation,windspeed,precipprob,preciptype
01/01/2016,28.4,37.8,11.9,1016.4,147.5,216.1,16.6,0,0
02/01/2016,26.8,44.8,13,1017.2,110.3,215.7,16.6,0,0
03/01/2016,25.5,52.8,14.6,1015.7,145.3,221.1,18.4,0,0
04/01/2016,26.4,46.6,13.1,1015.3,126.9,216.2,16.6,0,0
05/01/2016,27.1,44.9,13.5,1014.4,125.5,208.1,16.6,0,0
06/01/2016,26.9,48.2,14.3,1014.2,110.2,200.8,14.8,0,0
07/01/2016,26.1,58,17,1015.1,149.4,189.9,15.8,0,0
08/01/2016,26.6,55.2,16.5,1015.4,157.7,185,13,0,0
09/01/2016,26.3,47.6,13.5,1013.8,117.5,203.1,16.6,0,0
10/01/2016,26,45.3,12.5,1014.2,124.7,203.7,16.6,0,0
11/01/2016,26.1,50.4,14.6,1014.3,153.7,212.6,24.1,0,0
12/01/2016,25.1,64.5,17.5,1013.1,200.7,201.9,16.6,0,0
13/01/2016,24.6,64,17,1012.5,195.6,211.4,16.6,0,0
14/01/2016,23.9,64.2,16.5,1012.6,158.4,209.6,25.9,0,0
15/01/2016,23.6,64.8,16.3,1012.3,193.9,210.8,16.6,0,0
16/01/2016,24.1,60.7,15.7,1011.8,162.5,201.5,13,100,1
17/01/2016,24,58.3,14.7,1011.6,154.6,187.2,16.6,0,0
18/01/2016,23.7,58.2,14.4,1011.2,141.4,220.5,16.6,0,0
19/01/2016,23.5,45.8,10.3,1012.1,180.5,228,20.5,0,0
20/01/2016,23.2,41.5,8.6,1014,155.7,239.6,32.4,0,0
21/01/2016,23.9,41.5,9.2,1014.5,120.7,232.8,18.4,0,0
22/01/2016,25.6,32.2,7.2,1014.5,128.9,234.9,18.4,0,0
23/01/2016,25.9,36.4,9.1,1014.5,115,224.2,18.4,0,0
24/01/2016,26.7,39.8,11.2,1014.5,172.7,220.8,18.4,0,0
25/01/2016,25.2,45.3,11.7,1013.7,166.1,242.7,18.4,0,0
26/01/2016,23.8,49.7,12,1013.4,174.1,239.5,22.3,0,0
27/01/2016,23.7,64.4,16.1,1013.8,208.5,240.8,18.4,0,0
28/01/2016,25.1,57,15.4,1013.2,165.7,240.4,14.8,0,0
29/01/2016,26.5,57.2,16.6,1014.2,155.9,237.3,18.4,0,0
30/01/2016,26.8,59.5,17.9,1014.2,230.7,235.6,16.6,0,0
31/01/2016,26.4,62.3,18.3,1013.3,163.8,233.9,16.6,0,0
01/02/2016,26.5,59.9,17.5,1014.1,193.7,231.2,18.4,0,0
02/02/2016,26.7,53,15.7,1014.2,247.5,244.9,16.6,0,0
03/02/2016,25.7,49.9,13.7,1013.9,184.3,257.1,16.6,0,0
04/02/2016,24.6,55.4,14.6,1013.1,164.6,252,22.3,0,0
05/02/2016,24.1,69.7,18,1012,173.6,237.6,22,0,0
06/02/2016,23.6,66.5,16.5,1012,203.5,241.4,16.6,0,0
07/02/2016,24,64.2,16.6,1014.5,247,231.7,20.5,0,0
08/02/2016,24,64.4,16.6,1013.2,172.1,251.7,18.4,0,0
09/02/2016,25.5,67.2,18.6,1012,173.5,230.1,18.4,0,0
10/02/2016,25.9,62.9,17.4,1011.9,183.5,229,18.4,0,0
11/02/2016,24.6,71,18.8,1012.5,232.3,251.2,20.5,0,0
12/02/2016,23.8,67.8,17.1,1013,189.1,252.4,20.5,0,0
13/02/2016,23.8,62.6,16,1013.6,179.3,257.2,18.4,0,0
14/02/2016,24.8,50.3,12.7,1012.7,178.1,253.1,24.1,0,0
15/02/2016,25.3,43.5,11.6,1012.7,234.5,236.8,18.4,0,0
16/02/2016,26,56.4,16,1012.5,208.8,237.5,18.4,0,0
17/02/2016,26,75,20.9,1013,183.5,209.6,24.1,0,0
18/02/2016,26.5,64.4,18.9,1012.4,157.4,238.8,22.3,0,0
19/02/2016,26.6,69.9,20.5,1014.3,215.4,237.1,18.4,0,0
20/02/2016,27.6,60.4,19,1014.2,216.5,162.8,20.5,0,0
21/02/2016,28.2,46.3,14.9,1013.3,234.9,231.8,18.4,0,0
22/02/2016,27.4,34.3,9.4,1013.6,253.2,268.4,22.3,0,0
23/02/2016,26,57,16.3,1011.3,199.3,260.7,20.5,0,0
24/02/2016,25.7,76.3,21,1011.3,180.1,261.5,25.9,0,0
25/02/2016,25.9,69.5,19.4,1012.2,171.8,214.7,18.4,0,0
26/02/2016,26.3,68.4,19.6,1013.1,152.7,230.5,20.5,0,0
27/02/2016,27.6,67.8,20.5,1012.9,153.7,236.1,20.5,0,0
28/02/2016,27.5,72.9,22,1013.9,200.3,210.2,20.5,0,0
29/02/2016,27.7,69.6,21.4,1013.9,200.3,242.6,18.4,100,1
01/03/2016,28.6,62.9,20.5,1011.8,148.8,238.4,20.5,100,1
02/03/2016,29.5,63.5,21.5,1012.5,170.4,243.7,20.5,100,1
03/03/2016,30.8,52.6,19.4,1013.4,173.7,232.2,18.4,100,1
04/03/2016,28.8,52.9,18,1012.7,128,246.3,18.4,100,1
05/03/2016,28.8,55.6,18.4,1011.1,225.3,277.9,20.5,0,0
06/03/2016,27.8,57.5,18,1011.4,183,278.8,20.5,0,0
07/03/2016,28,53.9,17.3,1010.5,225.1,286.3,20.5,0,0
08/03/2016,29.3,46.9,15.9,1009.9,188.4,279.3,18.4,0,0
09/03/2016,29.1,49.3,17,1010.7,259.9,278.9,24.1,0,0
10/03/2016,29.3,51.6,17.6,1011.1,277,290.5,22.3,0,0
11/03/2016,29.7,59.7,20.3,1011.2,238.5,273.3,18.4,100,1
12/03/2016,28,62.6,19.9,1011.3,233,273.6,22.3,0,0
13/03/2016,27,69.1,20.6,1012.7,296.2,291.7,18.4,0,0
14/03/2016,26.6,68,20.1,1012.9,203.8,296.8,24.1,0,0
15/03/2016,27.4,61.6,19,1011.4,253.4,293.3,25.9,0,0
16/03/2016,27.5,68.5,20.9,1011.2,258.5,293.8,20.5,0,0
17/03/2016,27.5,72.1,21.8,1011.6,221.2,292.1,18.4,0,0
18/03/2016,28.9,66.1,21.6,1011.1,220.2,287.8,24.1,0,0
19/03/2016,31.2,51.8,18.8,1011,201,281.6,18.4,0,0
20/03/2016,31.4,49.3,18.7,1011.8,260.8,290.1,14.8,0,0
21/03/2016,30.4,52,18.2,1011.1,271.7,295.8,20.5,0,0
22/03/2016,29.7,51.4,17.9,1009.1,171,302.8,24.1,0,0
23/03/2016,31.7,43,16,1008.7,217.5,296.3,20.5,0,0
24/03/2016,29.1,70,22.9,1010.7,239.4,285.7,22.3,0,0
25/03/2016,28.4,78.1,24.1,1012,212.4,267.1,23.4,0,0
26/03/2016,28.9,73.6,23.5,1011.6,218.3,272.7,22.3,0,0
27/03/2016,30.7,58.3,21.1,1010.8,236.9,252.1,20.5,100,1
28/03/2016,30.4,53.4,18.6,1011.1,197.1,295.2,18.4,0,0
29/03/2016,29,69.4,22.4,1011.6,205.8,287.4,22.3,100,1
30/03/2016,29.1,66.5,21.6,1012,211.5,294.7,18.4,0,0
31/03/2016,28.3,70.6,22.1,1011.5,204.7,295.5,22.3,0,0
01/04/2016,28.2,73.9,22.9,1009.4,264.3,304.7,22.3,0,0
02/04/2016,28.3,76.6,23.7,1010.1,299.8,299.9,22.3,0,0
03/04/2016,28.5,75.5,23.6,1011.5,254.6,271.9,20.5,0,0
04/04/2016,29.1,73.7,23.8,1009.5,242.2,261.9,18.4,0,0
05/04/2016,28.6,75.7,23.9,1009.3,253.2,269.4,20.5,100,1
06/04/2016,28.8,67.9,22.2,1010.7,211.5,309.3,24.1,0,0
07/04/2016,29.8,60.9,20.7,1010,242.5,306.2,24.1,100,1
08/04/2016,30.6,48.9,17.4,1009.3,240.6,307.3,20.5,0,0
09/04/2016,30.5,56.3,20.2,1009.4,271.8,283.3,17.6,0,0
10/04/2016,30.3,62.1,21.9,1010.8,261.5,302.1,25.9,0,0
11/04/2016,31,59.3,21.5,1010.4,272,301.5,22.3,0,0
12/04/2016,30.7,61,21.8,1008.8,269.8,307.7,24.1,0,0
13/04/2016,29.3,71.7,23.6,1007.8,271.8,321.6,20.5,0,0
14/04/2016,29.2,69.8,22.9,1007.7,206,325.2,20.5,0,0
15/04/2016,29.4,69.2,22.9,1008.5,236.9,326.8,22.3,0,0
16/04/2016,29.2,71.2,23.3,1008.8,225.7,316.5,27.7,0,0
17/04/2016,28.8,71.4,22.9,1008.6,223.5,322.1,22.3,0,0
18/04/2016,30,71,23.9,1008,206.8,312.5,24.1,0,0
19/04/2016,30.5,67,23.5,1008.1,285.8,288.9,22.3,0,0
20/04/2016,30,71.2,24.1,1010,249.5,286,22.3,100,1
21/04/2016,29.1,75,24.2,1009.7,271.3,292.7,22.3,0,0
22/04/2016,28.6,69.5,22.3,1009.8,268.5,320.5,22.3,0,0
23/04/2016,29.1,69.6,22.9,1008.3,251.5,321.6,20,0,0
24/04/2016,29.1,69.1,22.8,1007.3,234.7,277.5,20.5,0,0
25/04/2016,28.9,68.6,22.4,1007.8,228.7,327.3,18.4,0,0
26/04/2016,29.5,69.8,23.1,1009,243.9,323.1,17.2,0,0
27/04/2016,32.2,56.1,21,1007.5,259.6,296,24.1,100,1
28/04/2016,31.7,58.3,22.1,1008.2,235.4,275.2,24.1,100,1
29/04/2016,30.3,72.6,24.7,1008.4,232.8,263.3,22.3,0,0
30/04/2016,29.9,71.4,24,1009,218.1,315.9,22.3,0,0
01/05/2016,29.9,73.5,24.5,1008.5,254.7,313.9,22.3,100,1
02/05/2016,30,74,24.7,1008.6,242.3,293.4,22.3,0,0
03/05/2016,30.1,72.6,24.4,1008,225.7,310.8,24.1,0,0
04/05/2016,29.9,73.5,24.6,1007.8,190.8,270,22.3,0,0
05/05/2016,30.1,72,24.4,1008.6,252.6,293.2,22.3,0,0
06/05/2016,29.9,69.8,23.7,1008.5,273.5,306.3,22.3,100,1
07/05/2016,29.9,71.5,24.1,1008.4,244.3,299.3,24.1,0,0
08/05/2016,30.3,72.4,24.7,1009.5,225.7,307.1,22.3,0,0
09/05/2016,30,73.1,24.6,1009,241.7,287.2,22.7,100,1
10/05/2016,30.1,75,25.1,1008.7,253.4,285.1,18.4,100,1
11/05/2016,30.5,75.1,25.5,1008.5,255.2,298.1,20.5,100,1
12/05/2016,30.2,76.7,25.6,1006.8,258.1,304.1,25.9,100,1
13/05/2016,30.7,75.4,25.7,1006.8,243.8,278.9,20.5,100,1
14/05/2016,31.1,74.3,25.9,1007.7,252.1,156.7,24.1,100,1
15/05/2016,30.7,75.9,26,1007.5,230.5,219,24.1,100,1
16/05/2016,30.8,76.5,26.1,1005.4,245.6,221,24.1,0,0
17/05/2016,30.9,76.2,26.1,1003.5,270.5,230.2,20.5,0,0
18/05/2016,31,76.9,26.4,1002.3,261.3,184.7,24.1,0,0
19/05/2016,31.3,73.7,26,1002.5,246.5,237.5,22.3,0,0
20/05/2016,31.3,73.1,25.9,1004.1,249,170.2,22.3,0,0
21/05/2016,31.5,72.7,25.9,1006.5,251.4,226.9,27.4,0,0
22/05/2016,31.5,71.7,25.7,1007.7,238,293.3,22.3,0,0
23/05/2016,31.5,72.4,25.9,1008.5,240.7,240.3,22.3,0,0
24/05/2016,31.6,71.7,25.8,1007.7,237.7,254.5,25.9,0,0
25/05/2016,31.7,72.1,26,1007,228.1,237.9,24.1,0,0
26/05/2016,31.7,70.6,25.6,1007.4,239.3,235.5,22.3,0,0
27/05/2016,31.6,70.3,25.5,1008.5,256.1,250.7,22.3,0,0
28/05/2016,31.5,70.8,25.5,1008.1,252,291.2,22.3,0,0
29/05/2016,31.6,70.8,25.7,1007.4,244.7,290.3,24.1,0,0
30/05/2016,31.8,69.2,25.4,1006.7,250,323.5,20.5,0,0
31/05/2016,31.8,69.4,25.4,1007.4,256.9,323.6,22.3,100,1
01/06/2016,31.8,69.1,25.4,1008,278.3,298.4,22.3,100,1
02/06/2016,31.8,69.3,25.3,1007.2,292.4,251.1,24.1,100,1
03/06/2016,31.8,68.1,25.1,1006.6,289.3,298.2,24.1,0,0
04/06/2016,31.7,71.3,25.8,1006.6,274.9,220.1,22.3,100,1
05/06/2016,30.9,73.4,25.5,1006.9,251.5,137.9,25.9,100,1
06/06/2016,31.3,73.2,25.9,1006,260.3,136.4,18.4,100,1
07/06/2016,31.8,73.9,26.5,1006.1,240.2,165.6,20.5,100,1
08/06/2016,31.9,69.8,25.6,1005.4,276.2,148.3,24.1,100,1
09/06/2016,32,69.9,25.8,1005.2,264.9,139.5,20.5,100,1
10/06/2016,31.8,71.3,26,1005.9,262.3,147.3,24.1,100,1
11/06/2016,29.8,81,26.2,1006.8,221.3,102.3,22.3,100,1
12/06/2016,31.3,76.1,26.5,1006.6,245.3,118.9,24.1,100,1
13/06/2016,31.9,71.2,26,1007.1,256.2,200.7,24.1,100,1
14/06/2016,31.3,73,25.8,1006.5,251.4,265,29.5,100,1
15/06/2016,31.4,73.4,26,1005,239.8,297.3,25.9,100,1
16/06/2016,31.4,72.2,25.8,1004.9,250.4,282.3,25.6,100,1
17/06/2016,31.3,71.6,25.6,1004.9,259.1,276.7,24.1,100,1
18/06/2016,31.3,70.5,25.2,1005.5,282.7,217.4,24.1,100,1
19/06/2016,29.6,77.9,25.2,1004.1,263.1,171.1,22.3,100,1
20/06/2016,27.3,86,24.7,1002.7,206.8,143.3,16.6,100,1
21/06/2016,28.1,86.8,25.6,1002.7,199.7,140,22.3,100,1
22/06/2016,28.4,82.8,25.1,1004.8,199.6,231.9,18.4,100,1
23/06/2016,28,85.3,25.2,1004.7,172.6,165.9,22.3,100,1
24/06/2016,27.2,90.7,25.5,1004,170.5,204.5,27.4,100,1
25/06/2016,26.6,91.7,25.1,1005.1,206.9,123.5,22.3,100,1
26/06/2016,26.5,91.4,24.9,1004.7,176.3,132.7,22.3,100,1
27/06/2016,27,91.7,25.5,1003.1,190.1,201.7,29.9,100,1
28/06/2016,27.1,93.4,25.9,1002.8,201.2,128.9,24.1,100,1
29/06/2016,26.1,92.6,24.7,1004,202.8,176.7,20.8,100,1
30/06/2016,27.1,90,25.2,1003.7,192.1,189.9,24.1,100,1
01/07/2016,27.1,94.2,26.1,1002.3,197.4,176.4,20.5,100,1
02/07/2016,27.3,92.8,26,1001.9,240,133.7,27.7,100,1
03/07/2016,27.8,90.8,26.1,1002.4,244,132.6,27.7,100,1
04/07/2016,27.7,90.7,26,1003.9,233.5,187.4,34.2,100,1
05/07/2016,27.5,89.2,25.5,1004,221.1,161.8,33.5,100,1
06/07/2016,28.1,86.7,25.6,1004.4,219.8,159.2,25.9,100,1
07/07/2016,28.6,83.7,25.6,1005,251.8,254,20.5,100,1
08/07/2016,28.5,85.1,25.7,1004.4,254,213,24.1,100,1
09/07/2016,28.6,84.5,25.7,1003,251,131.8,26.6,100,1
10/07/2016,28.4,84.7,25.5,1002.4,251.2,132,37.1,100,1
11/07/2016,28.3,86.7,25.9,1002.6,256.8,119.6,35.3,100,1
12/07/2016,28.4,86.1,25.9,1003.1,249.1,179.8,31,100,1
13/07/2016,28.1,86.1,25.5,1003.7,240,274.6,27.7,100,1
14/07/2016,27.2,90,25.4,1004.1,211.7,263.5,25.9,100,1
15/07/2016,27.9,86.8,25.4,1005,212.6,268,24.1,100,1
16/07/2016,28.3,83.6,25.2,1005.5,222.1,267.6,24.1,100,1
17/07/2016,27.5,87.6,25.2,1007.4,196.5,231.3,20.5,100,1
18/07/2016,27.3,87.6,25,1008.4,232.4,204.1,24.1,100,1
19/07/2016,26.2,92.9,25,1008.2,230.8,179.2,25.9,100,1
20/07/2016,27.6,85.5,24.9,1007.2,268.5,148.6,22.3,100,1
21/07/2016,25.8,91.6,24.4,1006.2,179.7,158.3,14.8,100,1
22/07/2016,27.3,88.2,25.1,1004.8,235.6,177.2,24.1,100,1
23/07/2016,27.7,86.5,25.2,1004.1,199.1,135.7,27.7,100,1
24/07/2016,27.6,85.9,25,1004.5,169.4,198.7,18.4,100,1
25/07/2016,27.9,86.8,25.4,1004.9,213.2,195,16.6,100,1
26/07/2016,26.6,90.3,24.8,1005.6,181.5,221.5,16.6,100,1
27/07/2016,26.1,90.4,24.3,1006.5,204.6,144.5,14.8,100,1
28/07/2016,26.1,90.2,24.3,1006.9,193.5,146.6,16.6,100,1
29/07/2016,25.7,94.8,24.7,1006.3,161.6,216,14.8,100,1
30/07/2016,26.7,89.7,24.8,1005.5,245,188.8,22.3,100,1
31/07/2016,26.7,91.9,25.2,1006.4,251.1,139,27,100,1
01/08/2016,26.8,90.5,25,1005.1,255.3,112.2,33.5,100,1
02/08/2016,27.5,86.5,25.1,1002.3,245.1,154.9,33.5,100,1
03/08/2016,27.7,87,25.3,1002.1,251.1,135.4,33.5,100,1
04/08/2016,28.3,85,25.5,1002.9,254,207.9,29.5,100,1
05/08/2016,27,92.1,25.6,1002.8,257.7,121.7,27.7,100,1
06/08/2016,27.5,88,25.3,1003.8,246.5,246.8,37.1,100,1
07/08/2016,28.3,82.6,25,1005,243,182.6,24.1,100,1
08/08/2016,28.5,82.9,25.3,1005.9,239.5,277,27.7,100,1
09/08/2016,28.3,82.9,25.1,1005.9,239.1,276.4,25.9,100,1
10/08/2016,28.2,83,25,1006.4,242.3,257.3,34.2,100,1
11/08/2016,27.9,84.8,25.1,1007.7,237,183,25.9,100,1
12/08/2016,28.2,84.4,25.3,1008.1,249.5,272,27.7,100,1
13/08/2016,28.5,82.3,25.1,1007.2,257.8,279,25.9,100,1
14/08/2016,28.2,82,24.9,1007,247.9,280.5,31.7,100,1
15/08/2016,28.4,82.1,25,1006.8,250.8,271.3,29.2,100,1
16/08/2016,28.6,79.3,24.7,1006.2,247,292.4,25.9,100,1
17/08/2016,28.5,80.2,24.7,1005,243.9,291.2,25.9,100,1
18/08/2016,28.3,81.9,24.8,1004.9,250.6,266.5,24.1,100,1
19/08/2016,28.5,80.5,24.8,1005.7,253.5,219.7,22.3,100,1
20/08/2016,28.4,81,24.8,1005.2,240.9,170.4,24.1,100,1
21/08/2016,28.6,81,25,1005.5,246.9,278.3,22.3,100,1
22/08/2016,28.2,83.8,25.2,1006.2,260.5,268.1,20.5,100,1
23/08/2016,27.2,86.7,24.8,1006,251.3,169,22.3,100,1
24/08/2016,28,84.5,25.1,1005.5,264.7,265.3,25.9,100,1
25/08/2016,28.4,79.6,24.5,1006.9,255,279.8,24.1,100,1
26/08/2016,26.5,90.2,24.8,1006.7,223,244.6,16.6,100,1
27/08/2016,25.4,95.8,24.7,1006.6,163,202.4,14.8,100,1
28/08/2016,26.5,92.4,25.2,1006.6,200.9,218.8,18.4,100,1
29/08/2016,27.9,85.4,25.2,1006.4,246,189.9,25.9,100,1
30/08/2016,27.9,85.5,25.2,1005.4,247.3,180,20.5,100,1
31/08/2016,28.1,81.6,24.6,1006,236.2,245,24.1,100,1
01/09/2016,28,82.6,24.7,1006.8,236.7,239.6,22.3,100,1
02/09/2016,27.1,85.5,24.4,1007.2,228.1,281.2,25.9,100,1
03/09/2016,27.2,84,24.2,1007.6,216.5,261.3,20.5,100,1
04/09/2016,28.3,76.7,23.8,1009.7,238.5,272.3,22.3,100,1
05/09/2016,28.3,74,23.2,1010.6,245.8,219.1,22.3,100,1
06/09/2016,28.5,73.4,23.2,1010.6,247.7,282.3,22.3,100,1
07/09/2016,27.8,76.9,23.3,1009.7,215.2,290.5,24.1,100,1
08/09/2016,27.8,77.9,23.5,1010,218.8,282.8,18.4,100,1
09/09/2016,27.4,81.4,23.8,1010.9,163.4,239,22.3,100,1
10/09/2016,27.1,82.6,23.9,1010.1,196.3,220.9,24.1,100,1
11/09/2016,27.9,80.5,24.1,1008.7,222.7,234.9,18.4,100,1
12/09/2016,28.2,78.7,24.1,1008,179.5,236.7,18.4,100,1
13/09/2016,28.1,80.4,24.3,1008.4,206.3,230.6,18.4,100,1
14/09/2016,28.7,78.8,24.5,1008.1,202.2,226.6,18.4,100,1
15/09/2016,26.7,90.6,24.9,1007,242.7,192.6,20.5,100,1
16/09/2016,26.9,89.5,25,1005.1,236.9,104.5,13,100,1
17/09/2016,26.4,92.5,25,1004.1,215.6,53.8,18.4,100,1
18/09/2016,26,94.4,25.1,1005.4,237.8,82.8,25.9,100,1
19/09/2016,26.8,88.4,24.7,1008.2,269.9,258.7,22.3,100,1
20/09/2016,25.4,93.8,24.3,1008.3,236.7,261.3,22.3,100,1
21/09/2016,25.6,94.6,24.7,1008.1,292.7,156.4,20.5,100,1
22/09/2016,26.8,90.1,25,1007.8,301.2,145.9,26.6,100,1
23/09/2016,27.2,92.5,25.8,1005.9,284.3,89.7,31.3,100,1
24/09/2016,26.9,88.8,24.9,1005.1,275.1,145.6,24.8,100,1
25/09/2016,27.3,84.7,24.5,1006.3,269.3,144.3,20.5,100,1
26/09/2016,28.5,80.4,24.7,1008.2,306.8,141.7,23,100,1
27/09/2016,28.2,83.6,25.1,1009.3,305.8,268.2,20.5,100,1
28/09/2016,28.1,82.7,24.8,1008.7,297.8,244.5,24.1,0,0
29/09/2016,28.2,78.3,23.9,1008.1,291,208.4,18.4,0,0
30/09/2016,27.9,77.8,23.5,1007.6,225.8,237.9,22.3,0,0
01/10/2016,26.7,85.9,24.1,1007.4,287.1,194,18.4,100,1
02/10/2016,25.1,94.8,24.2,1008.4,164.3,134,18.4,100,1
03/10/2016,25.9,91.1,24.3,1007.5,165.6,170.4,23.4,100,1
04/10/2016,25.4,93.3,24.3,1007.7,174.6,143.8,18.4,100,1
05/10/2016,26.1,89.2,24.2,1008.6,202.5,263.3,22.3,100,1
06/10/2016,27,87.1,24.6,1008.9,188,253.4,22.3,100,1
07/10/2016,27.6,85,24.7,1008.8,188.3,187.5,22.3,100,1
08/10/2016,28,81.2,24.4,1008.9,174.2,248.4,18.4,100,1
09/10/2016,28,83.2,24.8,1008.8,182.2,238,20.5,100,1
10/10/2016,28.7,82.5,25.4,1008.7,216.1,235.6,18.4,100,1
11/10/2016,28.6,80,24.7,1009.5,213.5,191.8,22.3,0,0
12/10/2016,28.3,77,23.7,1009.1,226,211.4,18.4,100,1
13/10/2016,28.3,71.8,22.4,1009.7,221.8,263,20.5,0,0
14/10/2016,28.7,72,22.9,1009.8,251.9,254.4,16.6,0,0
15/10/2016,29,71.2,23.1,1009.9,179.9,253.7,16.6,0,0
16/10/2016,29.4,75.2,24.5,1011,264,251.5,20.5,0,0
17/10/2016,30,68.3,23.3,1010.4,194.6,247.8,16.6,0,0
18/10/2016,31,58.2,20.9,1009.5,174.7,249.2,18.4,0,0
19/10/2016,30.4,52.9,19.3,1008.7,118.5,244.3,20.5,0,0
20/10/2016,29.5,56.4,19.3,1008,184.2,252.2,18.4,0,0
21/10/2016,28.9,60.3,20.2,1008.9,187.3,250.6,18.4,0,0
22/10/2016,28.9,71,22.8,1010.5,230.4,245.7,16.6,0,0
23/10/2016,28.4,74.5,23.3,1010.8,242.2,244.6,20.9,0,0
24/10/2016,28.5,72,22.6,1010.8,268.5,229.6,20.5,0,0
25/10/2016,28,67,21,1011.8,235.4,251.2,20.5,0,0
26/10/2016,27.6,61.2,19.3,1010.6,125.9,243.4,18.4,0,0
27/10/2016,29.3,55.7,18.8,1011.4,154.6,243.1,20.5,0,0
28/10/2016,29.4,49.6,16.9,1011.1,157.7,250.1,22.3,0,0
29/10/2016,28.5,55.4,18.1,1010.5,150.1,238.9,14.8,0,0
30/10/2016,28.4,52.4,16.9,1011,118.3,243.5,18.4,0,0
31/10/2016,30,52.4,18.9,1012.5,105.7,226.2,20.5,0,0
01/11/2016,30.2,47.5,17.2,1012.4,111.6,239.6,18.4,0,0
02/11/2016,29.5,38.3,13.1,1011.8,122.3,232.8,18.4,0,0
03/11/2016,28.7,44,14.4,1011.8,117.1,242.7,18.4,0,0
04/11/2016,27.9,49.6,15.9,1010.6,207.4,238.8,18.4,0,0
05/11/2016,27.8,55.5,17.5,1009.4,151,226.4,16.6,0,0
06/11/2016,28.2,47.5,15,1011,152.7,231.3,14.8,0,0
07/11/2016,27.5,55.7,16.9,1012.8,137.3,223.1,16.6,0,0
08/11/2016,28.3,42.5,13.4,1013.2,118.3,233.4,18.4,0,0
09/11/2016,28,42.5,13.1,1013.8,137.3,232,14.8,0,0
10/11/2016,26.9,45.5,13.5,1012.9,148.3,242.1,16.6,0,0
11/11/2016,27.2,44.5,12.6,1012,135.5,228.8,16.6,0,0
12/11/2016,27.6,47.8,14.5,1012.4,116,222,14.8,0,0
13/11/2016,27.9,48.1,15.2,1013.1,119.3,208.3,18.4,0,0
14/11/2016,27.8,50,15.8,1012.6,145.3,194.2,14.8,0,0
15/11/2016,28.2,61.6,19.7,1011.6,153.5,190.6,13,0,0
16/11/2016,29.4,62,21.1,1011.8,146.7,176.8,16.6,0,0
17/11/2016,29.8,53.2,18.4,1012.6,107.3,209.2,18.4,0,0
18/11/2016,28.6,43,14.2,1011.9,113.8,169.8,18.4,0,0
19/11/2016,28,46.3,14.8,1010.4,144.5,203.8,14.8,0,0
20/11/2016,26.9,50.1,14.8,1011,179.3,222.9,16.6,0,0
21/11/2016,27.3,49.3,14.5,1011.1,122.4,229.2,14.8,0,0
22/11/2016,27.5,46.4,14,1011,144.3,226.7,16.6,0,0
23/11/2016,28.1,46.1,14.6,1010.6,136.2,222.4,13,0,0
24/11/2016,28.3,45.7,14.6,1011,125.1,220.3,16.6,0,0
25/11/2016,28.2,43.6,13.7,1011,118,224.7,14.8,0,0
26/11/2016,27.5,45.6,13.6,1011.9,177.3,230.8,15.1,0,0
27/11/2016,27.7,48.7,15,1012,159,229.2,16.6,0,0
28/11/2016,28.1,52.6,16.7,1011.6,151.4,229.3,18.4,0,0
29/11/2016,27.1,64.5,19.3,1012.4,148.9,215.6,14.8,0,0
30/11/2016,27.2,61.1,18.7,1012.8,146.4,213.1,14.8,0,0
01/12/2016,27.4,56.7,17.5,1012.2,167,148.1,14.8,0,0
02/12/2016,27.9,51.7,16.1,1012,150.5,163.5,18.4,0,0
03/12/2016,28.2,49.6,16.1,1012.8,139.5,211.6,14.8,0,0
04/12/2016,29.7,53.7,19,1013.8,145.3,204,18.4,0,0
05/12/2016,29.4,57.1,19.7,1013.3,157.3,163.5,16.6,0,0
06/12/2016,28.6,51.7,17.1,1012.8,106.5,205,14.8,0,0
07/12/2016,26.8,48.6,14.2,1013,159.4,216.6,18.4,0,0
08/12/2016,27.1,46.2,13.7,1012.9,185.3,215.8,16.6,0,0
09/12/2016,26.3,55.1,16,1012,142.3,214.7,16.6,0,0
10/12/2016,25.9,55,15.5,1011.5,119.6,218.7,16.6,0,0
11/12/2016,25.2,53.9,14.4,1010.7,179.4,219.4,16.6,0,0
12/12/2016,26.5,52.5,15,1010.5,145.2,218.8,19.1,0,0
13/12/2016,27.3,46,13.8,1009.8,111.3,219.5,20.5,0,0
14/12/2016,28.3,46.9,15.3,1010.7,136.1,197.2,18.4,0,0
15/12/2016,29,58.3,19.8,1011.8,130.8,200.2,20.5,0,0
16/12/2016,29.4,53.2,18.5,1013,124.3,196.9,18.4,0,0
17/12/2016,29,50.2,17.3,1013.6,170,192.3,23.4,0,0
18/12/2016,28.1,41.2,13.2,1014.3,145,210.7,18.4,0,0
19/12/2016,26.4,49.1,14.4,1013.9,149.7,216.3,16.6,0,0
20/12/2016,27.1,48.7,14.8,1012.9,130.9,212.5,16.6,0,0
21/12/2016,27.2,50.3,15.1,1014.1,172,217.2,18.4,0,0
22/12/2016,26.2,55.7,16.1,1014.1,150.5,201.1,23,0,0
23/12/2016,26.3,56.5,16.4,1012.2,153.2,218.2,18.4,0,0
24/12/2016,25.9,59,16.8,1010.7,137.3,215.2,14.8,0,0
25/12/2016,25.7,64.8,17.7,1011.2,156.5,212.7,16.6,0,0
26/12/2016,26.4,55.2,15.7,1012.3,127.2,211.5,16.6,0,0
27/12/2016,26.2,48.4,13.8,1012.5,127.3,211.7,18.4,0,0
28/12/2016,26.1,41.7,11.4,1012.5,146.8,220,16.6,0,0
29/12/2016,26.7,43.9,12.6,1012.8,137.3,216,16.6,0,0
30/12/2016,27,47.6,14,1013.2,129.2,215,20.5,0,0
31/12/2016,26.4,56.6,16.5,1012.6,148,209.2,16.6,0,0
01/01/2017,25.8,57,16,1012.8,136.8,201.3,14.8,0,0
02/01/2017,25.9,58.2,16.2,1013.8,126.3,202.5,14.8,0,0
03/01/2017,26.1,46.8,12.9,1013.7,165.4,216.1,22.3,0,0
04/01/2017,25.6,50.8,13.7,1013.5,141.8,220.3,16.6,0,0
05/01/2017,25.2,55.4,15,1012.7,149,217.8,14.8,0,0
06/01/2017,24.1,65.2,16.8,1012.5,188.6,219.1,24.1,0,0
07/01/2017,23.9,69,17.7,1011.3,165.5,218.2,18.4,0,0
08/01/2017,24.6,66.3,17.6,1010.5,195.5,210,16.6,0,0
09/01/2017,24.6,55.5,14.7,1011.3,163.5,210.4,22.3,0,0
10/01/2017,23.3,50.4,12,1012.8,263.7,225.6,18.4,0,0
11/01/2017,22.6,55.3,12.6,1012.9,183.4,228,18.4,0,0
12/01/2017,22.5,53.7,11.8,1011.5,177.8,225.8,18.4,0,0
13/01/2017,23.6,55.6,13.5,1010.9,113.2,216.9,20.5,0,0
14/01/2017,25.1,60,16.3,1012,138.3,196.5,20.5,0,0
15/01/2017,25.7,68.5,19,1014,140.5,196,18.4,0,0
16/01/2017,25.3,64.7,17.8,1014.4,125.8,195.1,14.8,0,0
17/01/2017,24.5,58.9,15.5,1013.9,189.2,199.3,16.6,0,0
18/01/2017,24.5,55.6,14.7,1014.4,162.6,196.5,23.4,0,0
19/01/2017,25.7,55,15.5,1014.6,144.2,195.9,18.4,0,0
20/01/2017,25.9,51.9,14.7,1014.6,156.8,219.5,20.5,0,0
21/01/2017,26.7,48.9,14.4,1015.1,157.5,222.8,16.6,0,0
22/01/2017,27.7,46.3,14.5,1015.7,124,228,19.1,0,0
23/01/2017,28.7,43.1,13.8,1014.9,124.5,230.1,18.4,0,0
24/01/2017,28.5,45.2,14.9,1014.3,140.3,221.8,16.6,0,0
25/01/2017,28.2,44.8,14.4,1014.4,139.2,214,14.8,0,0
26/01/2017,27.1,48.2,14.9,1014.2,173,209.2,22.3,0,0
27/01/2017,25.4,49.8,13.6,1014.3,259.5,241.8,20.5,0,0
28/01/2017,27.6,41.6,12.4,1013.3,134.2,233.8,28.8,0,0
29/01/2017,28.2,39.5,12.7,1013.5,148.6,240.1,16.6,0,0
30/01/2017,27.6,43.9,13.7,1013,150.5,237.7,16.6,0,0
31/01/2017,27.1,46.4,14,1012.4,218.9,234.5,18.4,0,0
01/02/2017,26.5,47.3,13.7,1012.3,138.9,239.6,14.8,0,0
02/02/2017,27.1,54.8,16.4,1013.4,169.7,235,18.4,0,0
03/02/2017,26.3,65.3,19,1014.2,193.7,232.9,23.8,0,0
04/02/2017,25.1,69.8,19,1013.5,209.8,225.8,20.5,0,0
05/02/2017,24.3,74.1,19.3,1014,273.8,199.6,27.7,0,0
06/02/2017,23.6,58.8,14.6,1014.1,264,245.8,24.1,0,0
07/02/2017,24.3,51.4,13.2,1013,188.7,247.4,23.4,0,0
08/02/2017,25.6,59.4,16.8,1013.1,227.1,238.8,20.5,0,0
09/02/2017,26.3,50.1,14.4,1012.3,221.8,237.8,18.4,0,0
10/02/2017,26.2,49.1,14.2,1010.7,175.3,235.3,16.6,0,0
11/02/2017,24.7,62.1,16.4,1012.4,244.2,252.8,22.3,0,0
12/02/2017,24.9,56.8,14.8,1013.7,171.8,261.3,18.4,0,0
13/02/2017,27,50.3,15.1,1014.3,139.8,243.9,16.6,0,0
14/02/2017,28.9,44.3,14.8,1016.1,173.3,254.5,18.4,0,0
15/02/2017,29.7,42.6,14.9,1016.2,135.6,234.2,18.4,0,0
16/02/2017,29.9,41.7,14.7,1014.5,165.6,255.5,20.5,0,0
17/02/2017,30.4,39.9,14.7,1013.3,147.1,241.6,18.4,0,0
18/02/2017,31,33.6,11.9,1013.6,174,270.3,20.5,0,0
19/02/2017,29.8,43.5,14.9,1013,197.8,270.1,24.5,0,0
20/02/2017,29.2,51.5,17.3,1010.7,247,260.5,24.1,0,0
21/02/2017,26.3,75,21.4,1011,265.3,270.9,24.1,0,0
22/02/2017,26,72.7,20.6,1012.1,269.5,273.7,18.4,0,0
23/02/2017,27.8,59.2,18.3,1012.5,235.1,279.5,22.3,0,0
24/02/2017,28.7,46.9,15.1,1012.5,209.5,281,27.7,0,0
25/02/2017,29.6,38.2,12.8,1011.8,155,282.9,27.7,0,0
26/02/2017,29.6,40.4,13.3,1009.9,180.4,285.5,22.3,0,0
27/02/2017,29.3,47.1,16,1010.7,130.8,280.1,16.6,100,1
28/02/2017,29.5,40,13.5,1011.4,121.4,280.5,25.2,0,0
01/03/2017,29.9,45.6,15.8,1010.6,204.7,277.1,26.6,100,1
02/03/2017,28.7,49.9,16.5,1009.5,218.6,270.4,29.5,100,1
03/03/2017,28,55.9,18,1007.9,244.5,274.6,20.2,0,0
04/03/2017,27,63.9,19,1007.9,233.3,293.1,20.5,0,0
05/03/2017,27.7,53.8,16.3,1008.4,206.8,289.7,22.3,0,0
06/03/2017,27.2,63.3,19.3,1008,225,288.6,18.4,0,0
07/03/2017,26.7,68.9,20.3,1008.3,222.3,283.9,20.5,0,0
08/03/2017,27.4,65.2,19.9,1008.6,159.7,283,18.4,0,0
09/03/2017,27.4,63.6,19.2,1008.4,261.3,294.6,22.7,0,0
10/03/2017,26.7,66.9,19.9,1009.4,281.2,290.6,24.1,0,0
11/03/2017,26.4,54.7,16.2,1011.9,299.2,295.8,25.9,0,0
12/03/2017,25.4,46.4,12.6,1012,179.4,285.4,24.1,0,0
13/03/2017,26.8,37,10.1,1011,142.5,296.2,18.4,0,0
14/03/2017,28.3,39.7,12.3,1010.6,128.3,296.5,18.4,0,0
15/03/2017,28.2,54,17.6,1010.6,167.2,285.1,24.5,0,0
16/03/2017,28.4,55.3,17.6,1011.6,215.4,294,22.3,0,0
17/03/2017,28,65.6,20.4,1011.2,210.2,291.8,20.5,0,0
18/03/2017,28.6,58.2,19,1011.9,249.4,292.4,24.1,0,0
19/03/2017,27.7,71.3,21.8,1012.3,288.1,292,22.3,0,0
20/03/2017,28.2,71.7,22.3,1011.4,171,303.5,25.9,0,0
21/03/2017,28.5,72.9,23.1,1012,229.8,300.9,22.3,0,0
22/03/2017,29.1,66.5,21.8,1011.5,263.6,293.9,18.4,0,0
23/03/2017,28.9,65.6,21.6,1010.4,275.2,293.3,24.1,0,0
24/03/2017,28.9,70.1,22.8,1010,257.2,285.9,22.3,0,0
25/03/2017,29.9,62.3,21.7,1010,235.4,287.2,24.1,0,0
26/03/2017,30.7,59,21,1010.4,252.9,277.1,31.7,0,0
27/03/2017,32.3,51.3,20.2,1009.5,275.4,297.3,25.9,100,1
28/03/2017,30.1,75.5,25.1,1010.4,203.7,288.3,22.3,100,1
29/03/2017,29.6,79.1,25.5,1010.5,202.6,282.4,20.5,0,0
30/03/2017,29.4,79.2,25.3,1011.1,188.1,270.2,22.3,0,0
31/03/2017,30,69.7,23.5,1010.6,230.6,281.3,20.8,0,0
01/04/2017,29,71.7,23.3,1010.5,249.6,267.6,18.4,0,0
02/04/2017,29,72.7,23.2,1009.9,210.7,298.5,18.4,0,0
03/04/2017,29.3,72.1,23.4,1009.9,247.3,312.2,20.5,0,0
04/04/2017,29.5,74.5,24.5,1010.4,215.3,311.6,22.3,0,0
05/04/2017,29.4,74.7,24.4,1009.7,213.1,309.4,20.5,0,0
06/04/2017,28.9,75.6,24.1,1009,228.5,311.5,20.5,0,0
07/04/2017,28.7,61.9,20.3,1010.1,283,306.7,22.3,0,0
08/04/2017,28.8,55.9,18.8,1009.4,236.8,319.4,23.8,0,0
09/04/2017,31.1,49,18.5,1008,261.5,310.5,18.4,0,0
10/04/2017,31,56.7,21,1007.1,185.8,299.6,20.5,0,0
11/04/2017,30.5,72.9,24.9,1007.8,215.9,291.8,22.3,0,0
12/04/2017,30.4,75.1,25.4,1008.5,224.9,315.3,20.5,0,0
13/04/2017,30.7,68.8,24.1,1008.1,159.7,316.3,18.4,0,0
14/04/2017,30.3,73.5,24.8,1008,216,311.1,22.3,0,0
15/04/2017,29.9,77.6,25.5,1007.1,213.8,305.7,20.5,0,0
16/04/2017,30.6,66,23.1,1007,191.1,310.3,20.5,0,0
17/04/2017,29.8,75.9,25,1008.8,218,301.7,22.3,0,0
18/04/2017,30.9,67,23.5,1008.3,217.9,300.3,24.1,0,0
19/04/2017,30.2,72.9,24.7,1007.9,264.3,304.4,20.5,0,0
20/04/2017,29.9,73.4,24.5,1008.1,223.7,316.9,20.5,0,0
21/04/2017,30.1,70.9,24.2,1008.9,220.3,316.6,24.1,0,0
22/04/2017,30,70.4,23.9,1009.3,202,321.9,20.5,0,0
23/04/2017,30,68.6,23.5,1009.5,219.3,314.9,18.4,0,0
24/04/2017,29.8,65.1,22.4,1010.1,234.8,308.7,20.5,0,0
25/04/2017,29.6,64.8,22,1010.3,228.9,311.7,22.3,0,0
26/04/2017,29.3,68.4,22.8,1010,230.3,318,25.9,0,0
27/04/2017,29.7,68.3,23.1,1010,252.6,323.1,25.9,0,0
28/04/2017,29.6,71,23.7,1010,243.1,314,29.5,0,0
29/04/2017,29.5,70.6,23.5,1010.6,234.5,308.3,22.3,0,0
30/04/2017,29.3,71.3,23.4,1009.9,218.8,307.2,20.5,0,0
01/05/2017,30,72.6,24.4,1009.2,264.5,307,24.1,0,0
02/05/2017,29.4,76.3,24.7,1010.1,225.2,304.8,24.1,0,0
03/05/2017,29.8,75.9,25,1010,189.2,298.1,18.4,0,0
04/05/2017,30.2,76.1,25.4,1009.9,205.5,284.2,25.9,100,1
05/05/2017,30.9,75.3,26,1009.5,200,289.6,25.9,100,1
06/05/2017,30.9,73.9,25.6,1010.1,229.9,307.4,22.3,0,0
07/05/2017,30.7,70.7,24.7,1010.8,220.8,297.3,20.5,0,0
08/05/2017,31.2,70.1,24.9,1009.8,253.7,286.9,22.3,0,0
09/05/2017,30.8,71.5,24.9,1008.4,227.9,312.5,20.5,0,0
10/05/2017,30.5,74.1,25.2,1008.2,221.6,314,20.5,0,0
11/05/2017,30.7,74.5,25.5,1008.7,246.7,297.7,20.5,100,1
12/05/2017,31.2,74.9,26.1,1007.8,259.2,246.2,20.5,100,1
13/05/2017,31.2,67.9,24.5,1006.8,201,212.6,25.9,100,1
14/05/2017,31.2,73.2,25.8,1007.2,236.2,130.8,22.3,100,1
15/05/2017,30.9,71.9,25.2,1007.7,235.9,219.3,25.9,100,1
16/05/2017,30.8,72.8,25.3,1006.3,203,209.1,20.5,0,0
17/05/2017,31.2,72.2,25.5,1006.8,241.7,256.8,22.3,0,0
18/05/2017,31.1,72.1,25.4,1007.8,257.2,230.7,24.1,0,0
19/05/2017,30.8,71.8,25.1,1009.3,252.3,287.9,22.3,0,0
20/05/2017,30.8,68.4,24.3,1007.8,228.9,317.5,24.1,0,0
21/05/2017,30.7,65.5,23.4,1006.9,277.8,304.4,27.7,0,0
22/05/2017,31,68.7,24.5,1007.4,215.4,311.7,27.7,0,0
23/05/2017,31.4,71.9,25.6,1007.2,282.8,282.7,25.9,0,0
24/05/2017,31.1,74.7,26,1006.6,260,231.5,22.3,0,0
25/05/2017,31.1,74.4,25.9,1006.2,271.6,291.1,22.3,0,0
26/05/2017,31.1,70.8,25.2,1005.9,258.8,253.6,22.3,0,0
27/05/2017,31.2,70.3,25.1,1005.9,249.1,234.7,22.3,0,0
28/05/2017,31.3,71.4,25.5,1005.8,234.6,236.1,24.1,0,0
29/05/2017,31.6,74,26.4,1004.5,241.4,274.4,25.9,100,1
30/05/2017,31.7,74.8,26.6,1002.7,250.1,275.5,29.5,100,1
31/05/2017,31.7,73.3,26.3,1002,252.1,261,22.3,100,1
01/06/2017,31.4,74.8,26.3,1002.6,210.4,136.5,25.9,100,1
02/06/2017,30.8,76.1,26,1003.5,186.7,119,22.3,100,1
03/06/2017,31.3,71.7,25.5,1005.3,197.1,293.3,33.5,100,1
04/06/2017,31.2,72.3,25.5,1006,197,233.2,27.7,100,1
05/06/2017,31.3,73.6,26,1006.5,206.4,191.3,24.1,100,1
06/06/2017,31.5,71.8,25.7,1007.2,213,228.5,24.1,100,1
07/06/2017,29.6,75.4,24.7,1008.1,198.8,172.4,27.7,100,1
08/06/2017,28.6,80.3,24.7,1007.4,213.8,188.6,16.6,100,1
09/06/2017,28.3,83,25,1005.8,219.5,128.8,22.3,100,1
10/06/2017,27.9,83.5,24.8,1004.1,204.4,127.5,18.4,100,1
11/06/2017,28.4,84.4,25.5,1002.9,187.5,110.1,28.4,100,1
12/06/2017,28.3,85.2,25.5,1003.1,189.3,167.2,22.3,100,1
13/06/2017,28.3,84.5,25.4,1004.3,178.6,153.5,18.4,100,1
14/06/2017,30,79.5,26,1006,189.8,233.8,20.5,100,1
15/06/2017,29.1,82.5,25.8,1006.5,184.9,168.6,22.3,100,1
16/06/2017,30.1,79.5,26.1,1005.5,195,117.6,25.9,100,1
17/06/2017,30.2,76.9,25.7,1005.6,204.5,170.2,25.9,100,1
18/06/2017,31,75.2,26,1005.3,255.8,162.7,24.1,100,1
19/06/2017,30.8,75.6,26,1004.5,240.3,277.7,20.5,100,1
20/06/2017,30.8,74.1,25.7,1004.5,232,294.5,25.9,100,1
21/06/2017,30.1,76.4,25.5,1004.9,223.3,291.3,27.7,100,1
22/06/2017,29.5,80.7,25.8,1005.3,218.6,266.4,33.5,100,1
23/06/2017,30.5,77.5,26.1,1004.9,252.5,266.2,29.5,100,1
24/06/2017,30.4,77.2,26,1001.8,248.6,248.6,31.7,100,1
25/06/2017,26.4,89.2,24.4,1000.1,140.8,178.8,24.1,100,1
26/06/2017,27.8,87.7,25.5,1001,200.8,125.8,25.9,100,1
27/06/2017,27.8,88.5,25.7,1001.7,198.7,145.8,25.9,100,1
28/06/2017,27.4,90.8,25.7,1001.7,227.9,194.6,25.9,100,1
29/06/2017,28.5,86.7,26,1002.2,225.4,218.4,25.9,100,1
30/06/2017,29.6,81.5,26.1,1002.2,236.7,259.2,33.5,100,1
01/07/2017,28.4,85.9,25.7,1002.4,245.8,254.8,31.7,100,1
02/07/2017,27.9,88.1,25.7,1003.3,247.7,192.5,31.7,100,1
03/07/2017,29.7,80.7,25.9,1005.2,243.5,249.8,32.4,100,1
04/07/2017,29.2,81.5,25.7,1005.8,246.2,249.2,22.3,100,1
05/07/2017,29.7,79.5,25.8,1005.9,251.8,229.5,27.7,100,1
06/07/2017,29.5,79.8,25.6,1006.2,248.9,218.1,33.5,100,1
07/07/2017,29.8,79.3,25.8,1006.7,246.8,281.6,27.7,100,1
08/07/2017,29.7,78,25.4,1006.8,256.2,269.2,24.1,100,1
09/07/2017,29,80.6,25.2,1006.3,239.5,272.9,27.7,100,1
10/07/2017,29.3,79.8,25.4,1007.3,214.5,189.7,22.3,100,1
11/07/2017,29.7,76.9,25.2,1007.3,257.8,180.9,27.7,100,1
12/07/2017,29.8,74.5,24.8,1006.6,249.9,215.4,25.9,100,1
13/07/2017,28.6,82.9,25.3,1005.2,262,201.6,27.7,100,1
14/07/2017,28,85,25.2,1004.5,251.7,258.4,31.7,100,1
15/07/2017,27.5,87.2,25.1,1004.6,251,269.6,37.1,100,1
16/07/2017,28.2,82.9,25,1004.1,254.1,267.6,29.5,100,1
17/07/2017,25.7,93.6,24.6,1003.8,214.5,215.1,27.7,100,1
18/07/2017,26.1,94.1,25.1,1002.1,219.6,107,24.1,100,1
19/07/2017,26.9,92.2,25.5,1000.1,213.5,96.9,20.5,100,1
20/07/2017,27.5,89.5,25.6,999.3,234.3,175.2,27.7,100,1
21/07/2017,27.5,90.4,25.8,1000.8,239.1,253.9,37.1,100,1
22/07/2017,27.4,90.2,25.6,1002.9,239,252.5,37.1,100,1
23/07/2017,28.3,85.1,25.5,1003.6,239.7,153.1,25.9,100,1
24/07/2017,28.7,83.7,25.7,1004.5,241,244.5,33.5,100,1
25/07/2017,28.3,84.4,25.4,1004.3,244.1,238.4,25.9,100,1
26/07/2017,28.6,82.3,25.3,1004.5,243.2,283.5,25.9,100,1
27/07/2017,28.2,85.4,25.5,1005.2,247.4,275.8,27.7,100,1
28/07/2017,28.5,83.6,25.4,1006.3,247.7,280.8,27.7,100,1
29/07/2017,28.6,83.1,25.4,1007.3,240.3,293.6,25.9,100,1
30/07/2017,28.2,82.8,25,1007.6,234,272.9,29.5,100,1
31/07/2017,27.9,85.3,25.2,1007.2,229.2,276.8,24.1,100,1
01/08/2017,28.2,84.2,25.3,1007.5,235.6,298.2,26.2,100,1
02/08/2017,28.7,81.4,25.1,1007.5,227.3,298,22.3,100,1
03/08/2017,28.5,82.2,25.1,1006,238,283.4,25.9,100,1
04/08/2017,29.1,80.4,25.3,1004.2,249.7,242,31.7,100,1
05/08/2017,29,79.7,25.1,1004.1,241.9,159.7,24.1,100,1
06/08/2017,29.1,78.5,24.9,1004,250.4,259.6,20.5,100,1
07/08/2017,28.7,81.2,25.1,1005.1,236.8,252.2,22.3,100,1
08/08/2017,29.1,78.2,24.9,1006.1,237.8,256.2,22.3,100,1
09/08/2017,28.9,79.4,24.9,1005.9,235.2,219.2,25.9,100,1
10/08/2017,29.1,78.6,24.9,1006.3,244.4,257.1,24.1,100,1
11/08/2017,29.1,77.7,24.8,1007.2,251.3,257.3,25.9,100,1
12/08/2017,29,78.2,24.8,1007.9,252.1,258.6,27.7,100,1
13/08/2017,28.2,82.5,24.9,1008.2,240,222.8,24.1,100,1
14/08/2017,27.3,87.2,25,1009.4,223.8,214.5,20.5,100,1
15/08/2017,27.5,86.6,25,1009.1,203.8,204,16.6,100,1
16/08/2017,28.5,82,25.1,1007.5,229,193.2,24.1,100,1
17/08/2017,29.1,78.4,25,1005.4,277.8,230.9,25.9,100,1
18/08/2017,29.1,78.6,25,1004.3,281.8,162.8,24.1,100,1
19/08/2017,27.4,86.8,25,1004.3,234.9,221.9,22.3,100,1
20/08/2017,25.6,90.5,23.9,1003.2,209.5,105.4,24.1,100,1
21/08/2017,25.3,91.6,23.8,1002,143.1,116.2,16.6,100,1
22/08/2017,27.3,84.1,24.3,1003.5,187.7,265.1,22.3,100,1
23/08/2017,28.5,83.9,25.4,1006.3,214.3,289.3,22.3,100,1
24/08/2017,28.9,80.5,25.2,1006.5,266.6,276,29.5,100,1
25/08/2017,26.9,90.6,25.2,1004.9,261.1,200.9,29.5,100,1
26/08/2017,27.4,88.9,25.4,1002.9,288.5,150.7,16.6,100,1
27/08/2017,28,86.6,25.6,1001.9,286.8,120.5,22.3,100,1
28/08/2017,26.9,91.2,25.4,1000,254.3,141,18.4,100,1
29/08/2017,25.7,95.1,24.9,997.9,265.7,147.2,46.4,100,1
30/08/2017,27.2,87.7,25,1002.6,224.1,265.5,26.2,100,1
31/08/2017,28.6,81.1,24.9,1006.7,209.2,296.8,27.7,100,1
01/09/2017,28.1,83,24.9,1007.8,190.2,287.8,24.1,100,1
02/09/2017,28,84.1,25,1007.3,184.6,279.8,22.3,100,1
03/09/2017,27.2,89.3,25.2,1007.9,178.8,283.8,16.6,100,1
04/09/2017,28.9,80,25,1009.3,223.9,280.9,18.4,100,1
05/09/2017,28.8,76.6,24.2,1009.2,242,229.3,24.1,100,1
06/09/2017,28.9,76.7,24.3,1007.9,212.8,279,18.4,100,1
07/09/2017,29.2,77.2,24.7,1007,226.1,249.9,22.3,100,1
08/09/2017,29.5,79.9,25.6,1006.7,207.4,149.5,20.5,100,1
09/09/2017,29.1,82.3,25.7,1005.8,181,140.4,16.6,100,1
10/09/2017,29.3,83.5,26.2,1006.1,205.6,137.4,20.5,100,1
11/09/2017,30.8,80,26.8,1006.5,164.9,225.7,18.4,100,1
12/09/2017,31,74.7,25.9,1007.1,149.4,203.7,18.4,100,1
13/09/2017,28.3,84.8,25.4,1008,190,206.7,27.7,100,1
14/09/2017,29.1,82.1,25.6,1007.4,134,193.9,20.5,100,1
15/09/2017,28,83.9,24.9,1006.7,164.9,194,16.6,100,1
16/09/2017,28.1,83.5,25,1005.8,177.2,272.1,16.6,100,1
17/09/2017,27,88,24.8,1005.8,161,249.6,16.6,100,1
18/09/2017,28.2,80.8,24.5,1004.8,142,98.7,24.1,100,1
19/09/2017,27.6,86.6,25.1,1003.4,236.3,91.2,37.4,100,1
20/09/2017,24.8,94.3,23.8,1005.1,215.5,181.9,22.3,100,1
21/09/2017,26.8,89.1,24.8,1005.8,178.3,175.2,22.3,100,1
22/09/2017,27.3,84.8,24.5,1007.7,170.2,247.6,22.3,100,1
23/09/2017,28.3,79.9,24.4,1009.6,199.6,272.7,20.5,100,1
24/09/2017,28.5,79.7,24.5,1009.9,213.3,276.3,20.5,100,1
25/09/2017,28.5,78.9,24.5,1008.7,244.4,257.6,22.3,0,0
26/09/2017,28.8,78.3,24.5,1008.1,240.8,275.2,20.9,100,1
27/09/2017,29.8,78.9,25.6,1008,260.4,216.3,18.7,100,1
28/09/2017,29.9,81.5,26.3,1007.1,280.6,227.6,22.3,100,1
29/09/2017,28.9,83.7,25.8,1007.4,269.2,160.5,20.5,100,1
30/09/2017,29.3,81.3,25.7,1008.6,191.1,181.5,22.3,100,1
01/10/2017,30.1,78.5,25.9,1008,211.8,209.7,20.5,100,1
02/10/2017,30.4,76.4,25.7,1006.7,210.6,213.6,22.3,100,1
03/10/2017,30.6,72.9,25.1,1007,264.7,232.8,20.5,100,1
04/10/2017,31.4,69.3,24.5,1007.3,184,245,20.5,0,0
05/10/2017,31.2,72.5,25.4,1006,204.4,263.2,18.4,100,1
06/10/2017,30.3,71.5,24.1,1005.5,145.5,188.3,29.5,100,1
07/10/2017,28.1,83.6,24.9,1006.2,148,221.5,20.5,100,1
08/10/2017,28.3,80.7,24.5,1005.5,149.5,155.5,20.5,100,1
09/10/2017,28.5,83,25.3,1005,139.1,127.6,18.4,100,1
10/10/2017,28,86.9,25.5,1004.7,135.9,146.5,16.6,100,1
11/10/2017,27.9,87.1,25.5,1005,134.8,195,21.7,100,1
12/10/2017,29.5,80.7,25.7,1006,169.1,255.7,21.3,100,1
13/10/2017,29.1,82.9,25.8,1005.9,130.2,167.3,16.1,100,1
14/10/2017,28.2,86.7,25.7,1005.7,152.8,85.1,17.8,100,1
15/10/2017,28.2,86.5,25.7,1006.9,140.3,85,16.6,100,1
16/10/2017,29.1,86,26.5,1007.6,169.8,209.7,37.1,100,1
17/10/2017,29.7,82.9,26.4,1007.8,163.8,245.2,17.1,100,1
18/10/2017,29.9,79.3,25.8,1007.4,154.5,244.2,19.6,0,0
19/10/2017,29.8,76.3,25,1006.8,143.6,249.2,20.5,0,0
20/10/2017,28.8,75.1,23.9,1007.4,164.7,231.1,16.6,0,0
21/10/2017,29.1,80.6,25.3,1008.5,157.9,195.4,21.1,0,0
22/10/2017,29.7,79.3,25.7,1009.1,176.1,218.7,18.4,100,1
23/10/2017,30,74.9,24.9,1010.3,162.9,220.6,15.2,100,1
24/10/2017,30.3,56.5,19.9,1011.6,132.5,258.4,19.6,0,0
25/10/2017,30,54.7,19.4,1012.3,145.1,261.9,22.8,0,0
26/10/2017,30.6,52.9,19.5,1012,128.8,250.1,18.4,0,0
27/10/2017,29.9,64.5,22.3,1011.9,154.6,226.2,18.4,0,0
28/10/2017,30.1,57.7,20,1012,130.2,243.8,20.5,0,0
29/10/2017,29.7,58.6,20.3,1012.4,143.8,236.1,16.6,0,0
30/10/2017,30.1,54.5,19.2,1012.5,127.6,240.6,20.5,0,0
31/10/2017,30.6,48.7,17.7,1011.2,132,232.8,15.3,0,0
01/11/2017,30.3,44.6,16.1,1011.5,100.6,237,17.1,0,0
02/11/2017,30.2,39.5,14.4,1011.1,100.6,234.9,19,0,0
03/11/2017,29.7,42.2,14.9,1010.3,118.1,237.7,18.4,0,0
04/11/2017,29.4,43.4,15.2,1010.5,101.3,232.9,21.7,0,0
05/11/2017,29.5,43.9,15.6,1010.7,130.1,238.5,20.5,0,0
06/11/2017,30.4,52.5,19.2,1010.9,133.1,237.6,20.5,0,0
07/11/2017,29.9,58.7,20.5,1011.3,139.2,236.2,18.4,0,0
08/11/2017,29.4,60.2,20.5,1011.5,152.1,222.1,15.9,0,0
09/11/2017,29.6,52.2,18.2,1010.7,155.2,233.3,18.9,0,0
10/11/2017,29.3,55.3,19,1010.8,133.6,227.7,17.8,0,0
11/11/2017,29,55.7,18.6,1011.3,134.5,213.3,18.4,0,0
12/11/2017,28.4,47.2,15.2,1009.9,131.3,224,19.6,0,0
13/11/2017,27.7,52.5,16.4,1008.6,136.3,220.5,17.1,0,0
14/11/2017,27.4,59.6,18.3,1008.4,122.6,217.1,19.5,0,0
15/11/2017,27.9,51.6,16.3,1009,90.3,216.3,16.6,0,0
16/11/2017,27.9,51.1,16.5,1009.4,150.6,203.8,20.6,0,0
17/11/2017,28,51.9,16.8,1009.6,166.2,204.4,20.1,0,0
18/11/2017,28.1,57.2,18.5,1010.2,140.3,203.5,20.2,0,0
19/11/2017,29,48.9,16.6,1011.4,158.5,204.1,15.9,0,0
20/11/2017,29.1,57.2,19.5,1011.6,78.3,169.1,15.3,0,0
21/11/2017,29.6,64.2,22,1010.7,138,185.7,17.1,0,0
22/11/2017,30,58.5,20.5,1010.2,146.7,195.6,19.5,0,0
23/11/2017,28.6,50.6,16.9,1010.3,170,220.2,18.4,0,0
24/11/2017,27.6,58.2,18.4,1012.2,176.2,226,20.1,0,0
25/11/2017,27.6,63.6,19.8,1012.7,163.8,212.9,19.5,0,0
26/11/2017,28.9,59,19.6,1012.7,135.9,198.6,17.9,0,0
27/11/2017,28.5,55.2,18.1,1011.9,128,208.7,15.9,0,0
28/11/2017,27.9,56.3,17.9,1011.5,157.8,214.4,17.1,0,0
29/11/2017,27.8,55.6,17.6,1012,141.8,211.4,15.9,0,0
30/11/2017,28.1,50.9,16.4,1011.1,149.7,209.9,18.4,0,0
01/12/2017,28.7,45.8,15.6,1009.7,65.9,202.6,19.6,0,0
02/12/2017,29.1,47.3,16.5,1010.1,69.3,159.2,20.7,0,0
03/12/2017,28.7,57.2,19.2,1010.1,105.4,167.9,18.4,0,0
04/12/2017,28.4,63.4,20.2,1008.8,161.8,73.7,20.5,100,1
05/12/2017,23.3,91.2,21.8,1005.9,104.9,122.3,22.8,100,1
06/12/2017,25,84.2,22.1,1009.3,227.8,108.6,16.6,100,1
07/12/2017,23.8,77,19.4,1011.4,187.9,145.4,20.5,0,0
08/12/2017,25.2,77.7,20.9,1011,193.6,184.8,18.9,0,0
09/12/2017,26.3,86,23.7,1011.3,142.3,168.9,22.2,0,0
10/12/2017,26.2,82.2,22.9,1012.2,170.8,182.9,15.3,0,0
11/12/2017,25.9,74.8,20.9,1013.7,206.3,188.6,21,0,0
12/12/2017,25,70.7,19.2,1014.3,147.8,207.3,20.7,100,1
13/12/2017,24.3,63.8,16.8,1014.5,192,208.5,19.6,0,0
14/12/2017,23.9,65.8,17,1014.4,151.6,204.2,18.4,0,0
15/12/2017,25,70.2,19.1,1014.5,168.5,184.2,15.9,0,0
16/12/2017,26.8,70.1,20.7,1014.7,123.9,185.7,17.2,0,0
17/12/2017,28.1,54.9,17.6,1015.6,94.8,194,17.1,0,0
18/12/2017,27.3,47.9,14.9,1016.4,107.7,101.1,17.7,0,0
19/12/2017,27.6,45.7,14.3,1015.3,100.8,158.2,20.7,0,0
20/12/2017,26.8,44.7,12.8,1015.5,97.6,138,17.8,0,0
21/12/2017,27,46.1,13.7,1015.6,176.2,215.8,19,0,0
22/12/2017,27,50.2,15.2,1014.2,133.8,168.6,14.8,0,0
23/12/2017,26.8,49.3,14.8,1012.4,144.2,195.7,19,0,0
24/12/2017,25.9,61.3,17.5,1012.1,167.8,195,21.9,0,0
25/12/2017,25.8,64,18,1013.1,139.5,197.8,16.6,0,0
26/12/2017,27.4,50.3,15.6,1013.4,128.3,199.1,21.7,0,0
27/12/2017,26.5,48.9,14.5,1013.1,137,191.2,17.7,0,0
28/12/2017,25.9,51.3,14.6,1012.4,146,205.7,17.1,0,0
29/12/2017,25.6,58.2,16.5,1012.8,144.9,203.7,17.8,0,0
30/12/2017,25.5,59.5,16.7,1012.7,155.9,181.6,50.9,0,0
31/12/2017,25.4,61.6,17.2,1011.4,153.4,198.8,20.5,0,0
01/01/2018,25,58.9,16,1010.4,173.5,197.1,15.9,0,0
02/01/2018,24.4,57.3,15.1,1010.3,174.6,204.8,17.8,0,0
03/01/2018,25,70.3,18.9,1011.3,162.4,192.5,17.8,0,0
04/01/2018,25.2,69.8,18.9,1012.4,192.6,184.8,18.4,0,0
05/01/2018,25.2,64.3,17.6,1011.3,203.7,191.5,20.7,0,0
06/01/2018,24.7,51.3,13.4,1011.2,180.3,198.2,18.4,0,0
07/01/2018,23.6,47.5,11.4,1012.5,130.2,209.2,20.7,0,0
08/01/2018,23.6,60.9,15.4,1012.5,182.2,194.4,18.4,0,0
09/01/2018,25.4,64.4,17.8,1013.8,150.9,181.3,17.1,0,0
10/01/2018,27,55.8,16.7,1013.7,133.2,181.4,14.7,0,0
11/01/2018,28,48.9,15.9,1013.5,172.3,189.2,14.7,0,0
12/01/2018,28.5,52.4,17.4,1012.5,142.8,187.5,14.7,0,0
13/01/2018,28.6,56.5,18.6,1012.1,170,183.7,17.1,0,0
14/01/2018,28.1,62.9,20.1,1012.5,119.3,183,18.4,0,0
15/01/2018,28.7,62.6,20.6,1012.3,185,180.4,17.8,0,0
16/01/2018,29.6,55,19,1011.1,156.1,203.1,18.4,0,0
17/01/2018,28.7,54.8,18.2,1011.3,225.3,218.8,18.8,0,0
18/01/2018,28.8,50.9,16.9,1012.1,153.8,223.5,19.6,0,0
19/01/2018,27.3,48.5,15,1013.1,182.1,223.1,29.2,0,0
20/01/2018,27.2,51.6,15.9,1012.2,162.7,224.3,20.9,0,0
21/01/2018,27.3,51,15.7,1010.7,149.4,223.4,16.6,0,0
22/01/2018,26.3,59.9,17.3,1009.7,183.8,214.3,19,0,0
23/01/2018,24.7,66.5,17.6,1011,227.1,217.9,25.2,100,1
24/01/2018,24.1,56.9,14.6,1011.5,203.2,233.7,47.8,0,0
25/01/2018,25.1,54.8,14.9,1010.6,184.7,235.4,23.8,0,0
26/01/2018,25.5,50.4,14,1010.5,157.9,236.5,19.6,0,0
27/01/2018,25.3,48.7,13.2,1010.8,210.7,233.5,20.7,0,0
28/01/2018,24.9,51.2,13.6,1011.9,221.9,218.6,18.3,0,0
29/01/2018,25.9,56.8,16.3,1012.5,125.1,212.6,15.3,0,0
30/01/2018,28.2,45.8,14.1,1013,129.3,226.8,18.9,0,0
31/01/2018,28,42.3,12.6,1013.4,144.3,240.4,16.6,0,0
01/02/2018,27,48.1,14.5,1013.2,156.4,243.6,18.9,0,0
02/02/2018,27.1,54.5,16.7,1011.8,223.4,238.9,18.8,100,1
03/02/2018,27.1,54.6,16.8,1011.4,253.7,233.2,21.7,0,0
04/02/2018,27.3,50.5,15.8,1011.4,170.8,230.8,19,0,0
05/02/2018,27,56.8,17.4,1013,185.6,220.4,17.7,0,0
06/02/2018,27.4,58,18,1013.1,152.4,107.2,20.2,100,1
07/02/2018,26.9,64.9,19.4,1012.3,202,200.4,18.4,100,1
08/02/2018,26.1,71.6,20.1,1012.2,197.1,241.7,23.5,100,1
09/02/2018,26.1,57.1,16.1,1012.3,178.6,244,20.2,0,0
10/02/2018,25.5,52,14.6,1012.7,179.8,251.2,23.3,0,0
11/02/2018,24.9,67,18.3,1013.3,186.5,254.2,25.3,100,1
12/02/2018,24.3,64.8,16.9,1015.7,167.5,260.2,24,0,0
13/02/2018,25.2,61.2,17,1016.7,163.7,259.8,24,0,0
14/02/2018,28.3,53.9,17.7,1015.4,122.4,250.9,27.1,0,0
15/02/2018,30,46.8,17.3,1016,162,238.9,20.7,0,0
16/02/2018,29.2,49.7,17,1015.2,171.6,237.9,22.2,0,0
17/02/2018,29,45,15.1,1012.2,228.5,254.4,23.7,0,0
18/02/2018,28.2,41.4,13.4,1010.4,208.1,258.7,19.5,100,1
19/02/2018,28.1,48.5,15.7,1010.3,204.5,259,23.5,0,0
20/02/2018,27.6,61.6,19.3,1010.6,243.4,250.4,21.3,100,1
21/02/2018,28.1,54.6,17.3,1009.6,193.7,249.5,18.4,0,0
22/02/2018,28.6,51.6,17,1008.6,182.1,242.1,22.3,0,0
23/02/2018,28.3,63,20,1009.5,182.7,238,22.9,0,0
24/02/2018,29.5,46.9,16.4,1011.2,159.5,234.2,18.8,0,0
25/02/2018,30.8,43.3,16.2,1011.6,179.3,250.9,20.2,0,0
26/02/2018,30.6,43.6,16.2,1010.9,165.2,256.5,20.5,0,0
27/02/2018,30.8,40.1,14.9,1009.9,178.5,262.1,20.2,0,0
28/02/2018,30.6,45.3,17,1009.7,143.6,254.8,19.3,0,0
01/03/2018,28.9,55.3,18.6,1009.6,167.1,250.6,16.6,0,0
02/03/2018,29,61.7,20.6,1009.1,187.4,246.2,19.5,0,0
03/03/2018,29.1,66.1,21.6,1008.6,196.2,246.2,18.3,0,0
04/03/2018,28.5,70.6,22.5,1008.9,223.6,247.9,19.6,0,0
05/03/2018,28.4,58.6,19.2,1010.1,223.8,265.6,24.6,0,0
06/03/2018,29.6,52.3,18.2,1009.7,250.3,264.7,22.2,0,0
07/03/2018,28.7,60.3,20,1009.4,261.9,249.2,23.5,100,1
08/03/2018,27.3,65.6,20.1,1010.4,215.5,268,27.1,0,0
09/03/2018,28.6,47.8,16,1010.5,282.3,266.8,25.8,0,0
10/03/2018,28.6,62.8,20.7,1010.2,297.7,263.7,22.8,100,1
11/03/2018,30.9,46.5,16.6,1010.2,199,276.6,24.7,0,0
12/03/2018,30.5,40.6,14.7,1010.4,238.3,269.4,25.2,0,0
13/03/2018,31.1,28.6,9.6,1010.3,273.8,264.2,23.7,100,1
14/03/2018,31.2,32.5,10.9,1009.8,232.1,268.7,24,0,0
15/03/2018,28.1,57.3,18.7,1010.1,245.8,145.9,18.4,100,1
16/03/2018,28.8,53.3,17.9,1009.4,175,251.6,23.3,100,1
17/03/2018,28.9,57.4,19,1009.3,206.9,257.9,24,0,0
18/03/2018,28.6,65.8,21.2,1009.8,246.2,257.2,23.3,100,1
19/03/2018,28.5,61.9,20.3,1011.8,240.8,299.9,24,0,0
20/03/2018,28.1,70.6,22,1011.4,226.5,301.1,24,0,0
21/03/2018,28,64.9,20.2,1011.2,255,304.6,28.9,0,0
22/03/2018,27.1,62.2,18.8,1010.6,252.9,313.7,27.1,0,0
23/03/2018,27.1,64.8,19.7,1010.5,210.7,198.6,29,0,0
24/03/2018,28.6,64.6,20.9,1010.6,287.7,288.8,24.1,0,0
25/03/2018,31.9,52.2,18.8,1010.7,173.2,208.2,20.6,0,0
26/03/2018,32.4,41.5,15.8,1010.5,198.3,287.4,25.9,0,0
27/03/2018,29.2,79.5,25.1,1010.4,227.1,252.7,24.1,0,0
28/03/2018,28.6,77.2,24.1,1010.3,189.4,284.9,24.1,0,0
29/03/2018,28,78.3,23.7,1010,217.6,307.9,24,0,0
30/03/2018,28.3,75.5,23.5,1009.2,237.8,301.7,25.8,0,0
31/03/2018,28.5,75.2,23.6,1008.9,215.4,248.6,22.9,0,0
01/04/2018,28.4,71.9,22.6,1008.3,211.7,283,21.7,0,0
02/04/2018,28.7,67.6,21.9,1009.4,180.3,306,22.5,0,0
03/04/2018,28.9,66.7,21.8,1009,201.5,297.6,22.4,0,0
04/04/2018,29.3,68.8,22.8,1007,219.3,292.6,23.1,0,0
05/04/2018,29.5,69.8,23.2,1006.2,211.8,229.6,21.9,0,0
06/04/2018,29.4,68.4,22.8,1007.6,240,185,28.3,0,0
07/04/2018,29.6,68.7,23,1008.7,207.9,275.5,24.6,0,0
08/04/2018,29.3,69,22.8,1009,174.7,300.7,24,0,0
09/04/2018,29.6,61.1,20.7,1009.4,222.3,307.6,29,0,0
10/04/2018,29.3,71,23.2,1008.3,191.1,301.5,25.8,0,0
11/04/2018,29.4,72.3,23.8,1009,219.7,286.5,24.7,0,0
12/04/2018,29.3,73.9,24.1,1008.4,227,309.6,26.5,0,0
13/04/2018,29.3,76.2,24.6,1008.3,211.3,314,26.5,0,0
14/04/2018,29.4,75.8,24.5,1008,213.4,297.1,25.9,0,0
15/04/2018,29.6,75.3,24.7,1008.6,208.1,277.7,25.9,0,0
16/04/2018,30.4,73.6,25.1,1009.3,242.7,299,25.9,0,0
17/04/2018,31.6,71.8,25.7,1009.6,227.2,289.1,24,0,0
18/04/2018,31.8,70.2,25.4,1009.8,225.8,297.9,21.7,0,0
19/04/2018,31.5,64.8,23.7,1007.5,207.3,265.2,23.5,0,0
20/04/2018,30.4,67.5,23.6,1008.6,213.6,313.6,23.6,0,0
21/04/2018,30.2,71.2,24.3,1008.5,243.2,297.5,25.8,0,0
22/04/2018,31.2,60.1,21.6,1008.4,259.7,322,22.8,0,0
23/04/2018,30.1,68.4,23.5,1008.7,198.6,322.8,27.1,0,0
24/04/2018,31,66.8,23.5,1008.6,225.2,328.2,27.1,0,0
25/04/2018,30.3,67.5,23.3,1008.1,254.1,328.4,27.1,0,0
26/04/2018,29.3,71.4,23.5,1007.8,217.4,326.4,25.8,0,0
27/04/2018,29.4,73,23.9,1008.5,215,324.1,25.3,0,0
28/04/2018,29.5,73.2,24.1,1008.9,223.7,312.4,22.2,0,0
29/04/2018,30,72.1,24.3,1008.7,223,312.8,24.7,0,0
30/04/2018,29.8,72.2,24.2,1007.8,234.9,312.6,22.2,0,0
01/05/2018,29.9,72.7,24.4,1008.2,217,315.3,25.9,0,0
02/05/2018,29.8,72.8,24.3,1008.4,222.2,320.6,22.3,0,0
03/05/2018,30.3,72,24.5,1008,195.3,300.5,22.3,0,0
04/05/2018,30.5,71.6,24.7,1008.2,193.6,292.9,24.1,0,0
05/05/2018,30.6,70.6,24.5,1008.6,244.6,177.7,22.9,0,0
06/05/2018,30.6,74.2,25.4,1009.1,198.8,274.7,22.3,0,0
07/05/2018,30.9,67.9,24.1,1009,232.4,253.3,22.3,0,0
08/05/2018,30.5,70.2,24.3,1007.2,223,308.7,25.8,0,0
09/05/2018,31,70,24.8,1007.6,222.2,312.9,27.1,0,0
10/05/2018,30.9,75.4,26,1008.7,246.7,283.8,24.6,0,0
11/05/2018,31.3,70.3,25.2,1008.4,256.7,285.4,22.8,0,0
12/05/2018,31,67.4,24.1,1008.7,264,200.5,22.8,0,0
13/05/2018,30.8,72.7,25.2,1007.6,199,293,24,0,0
14/05/2018,31.2,70.3,25,1008.2,259.3,302.1,25.9,0,0
15/05/2018,31,70.3,24.9,1007.5,256,299.8,25.8,0,0
16/05/2018,31,72.4,25.3,1006.3,236.8,240.2,22.2,0,0
17/05/2018,31.5,74.8,26.4,1005.7,271.3,233.2,24.6,100,1
18/05/2018,31.7,73.4,26.3,1006.7,243.5,232.9,20.5,100,1
19/05/2018,31.5,72.6,25.8,1006,237.5,184.6,23.6,0,0
20/05/2018,31.2,70.7,25.2,1006.4,203.2,242.1,21.1,0,0
21/05/2018,31.4,69.3,25,1006.6,240.3,151.4,23.5,0,0
22/05/2018,31,69.5,24.7,1007,215.1,272.3,24.1,0,0
23/05/2018,30.9,71,25,1006.1,269.8,291.7,16.6,0,0
24/05/2018,31.5,68.4,24.9,1006.3,255.3,229.4,22.9,0,0
25/05/2018,31.1,69.2,24.8,1006.1,296.3,271.6,26.5,0,0
26/05/2018,31.6,72.7,26,1004.5,306.2,221.6,21.9,100,1
27/05/2018,31.8,75.1,26.8,1004.2,292.2,144.3,24.6,100,1
28/05/2018,31.4,73.3,26,1003.5,281,182.7,28.3,100,1
29/05/2018,31.6,71.3,25.7,1004,266.1,158.1,25.3,100,1
30/05/2018,31.7,71.7,25.8,1003.8,253.8,219.4,21.1,100,1
31/05/2018,31.8,70.8,25.8,1004.4,252.9,249.5,23,100,1
01/06/2018,32.2,69.8,25.9,1005.5,257.5,203.1,28.3,100,1
02/06/2018,31.3,73.8,26,1006.4,208.8,179.6,23.1,100,1
03/06/2018,30.2,74.2,24.9,1005.5,195.9,111.6,18.4,100,1
04/06/2018,30.7,74.9,25.6,1004.5,201.8,116.8,23.3,100,1
05/06/2018,29.7,74,24.4,1004.6,179.8,169,18.9,100,1
06/06/2018,31.6,75.3,26.6,1006.4,239.8,148.8,25.3,100,1
07/06/2018,28.5,88,26.3,1004.8,211.1,104.9,18.3,100,1
08/06/2018,30.6,79.6,26.6,1001.6,198.8,88.9,24.7,100,1
09/06/2018,27.4,93,26.2,1001.1,182.3,117.7,31,100,1
10/06/2018,30.9,81.4,27.3,1001.7,246.5,178.2,30,100,1
11/06/2018,31.1,79,27,1003.2,247.3,168.7,31.7,100,1
12/06/2018,31,77.6,26.6,1003.4,238.5,210.9,27.7,100,1
13/06/2018,31.2,74,26,1004,238.4,221.2,25.4,100,1
14/06/2018,31.2,73.5,25.8,1005.1,232,249.4,22.3,100,1
15/06/2018,30.5,71.7,24.8,1005.6,224,272.5,26.6,100,1
16/06/2018,27.5,83.6,24.4,1006.8,158.8,255.4,18.4,100,1
17/06/2018,27.2,88.8,25.2,1005.9,184.8,287.3,33.5,100,1
18/06/2018,27.5,87.4,25.2,1004.4,172.2,194.4,21.8,100,1
19/06/2018,29.2,80.9,25.5,1003.8,188.9,183.3,22.3,100,1
20/06/2018,30.6,77.7,26.2,1003.7,248.3,108.4,20.1,100,1
21/06/2018,30.9,75.8,26.1,1004.1,287.8,151.9,23.3,100,1
22/06/2018,30.7,77.5,26.3,1004,262.3,129.3,29,100,1
23/06/2018,26.6,90.3,24.8,1004,186.3,115.9,20.5,100,1
24/06/2018,25.9,92.9,24.7,1003.7,213.2,132.7,25.9,100,1
25/06/2018,27.3,91.6,25.7,1002.3,254.7,123.8,27.7,100,1
26/06/2018,29.3,81.2,25.7,1001.7,241.8,186.1,29,100,1
27/06/2018,30,78.9,25.9,1001.2,237.5,228.5,25.9,100,1
28/06/2018,27.1,89.6,25.2,1001.6,172.7,220.4,22.4,100,1
29/06/2018,28,87.7,25.7,1002.3,175.1,153.9,17.2,100,1
30/06/2018,28,83.9,24.9,1004.2,168.4,188.2,24.1,100,1
01/07/2018,28.7,79.1,24.6,1005,176.3,243.8,22.9,100,1
02/07/2018,27.7,86.4,25.1,1004.6,192.5,174,22.3,100,1
03/07/2018,25.9,94.6,24.9,1004.8,156.3,184,27.2,100,1
04/07/2018,27.6,86.8,25.2,1004.6,225.8,169.7,31.3,100,1
05/07/2018,28.7,87,26.3,1004.9,252.8,133.5,22.3,100,1
06/07/2018,28.9,85.2,26.1,1004.8,256,183,24.6,100,1
07/07/2018,27.8,88.6,25.7,1003.8,259.1,84.8,26.4,100,1
08/07/2018,25.8,94.3,24.8,1003.2,172.8,172.3,21.1,100,1
09/07/2018,25.5,95.9,24.8,1003,178.6,128,23.7,100,1
10/07/2018,26.4,93.8,25.3,1003,246,156.7,25.8,100,1
11/07/2018,28.8,85.4,26.1,1002.9,254.2,207.3,24.1,100,1
12/07/2018,28.7,84.2,25.8,1002.2,252.5,120.8,28.3,100,1
13/07/2018,28.1,86.8,25.6,1001.5,247.7,156.1,32.3,100,1
14/07/2018,28.2,87.4,25.9,1000.8,248.5,260.2,35.3,100,1
15/07/2018,27.3,91.2,25.7,999.6,250.3,87.8,35.4,100,1
16/07/2018,27.5,90.3,25.7,1000.5,255.3,166.6,116.7,100,1
17/07/2018,27.7,86.4,25.2,1001.6,247.4,209.1,30.2,100,1
18/07/2018,28.3,83.5,25.2,1003.2,250.1,202,27.8,100,1
19/07/2018,28.6,82.7,25.3,1003.6,249.8,224.1,26.5,100,1
20/07/2018,27.8,85.6,25.1,1003.2,247.9,138.5,24.6,100,1
21/07/2018,27.8,85.8,25.2,1004.2,244,193.2,25.9,100,1
22/07/2018,28,84.5,25.1,1004.3,248,173.9,29.5,100,1
23/07/2018,27.9,85.3,25.2,1003.8,240.6,191.8,34.9,100,1
24/07/2018,28.1,84.6,25.2,1005.2,242.3,195.1,22.9,100,1
25/07/2018,28.6,79.5,24.6,1005.9,241.8,172.1,24.2,100,1
26/07/2018,28.1,83,24.9,1006.5,238.6,214.9,24.1,100,1
27/07/2018,27.9,83.9,24.9,1005.5,227.9,230.9,27,100,1
28/07/2018,28.6,82.3,25.2,1005.7,231.9,246.8,30,100,1
29/07/2018,28.7,81.7,25.2,1005.8,230.6,224.6,25.9,0,0
30/07/2018,28.7,80.2,25,1005.4,233.3,265.5,27.1,100,1
31/07/2018,28.7,80.3,24.9,1005.6,238.1,251.6,27.3,100,1
01/08/2018,28.6,81.5,25.1,1006.1,237.8,212.2,28.7,100,1
02/08/2018,28.5,81.8,25.1,1007.6,240.3,257.8,24.1,100,1
03/08/2018,28.4,82.6,25.1,1008.5,243.3,214.8,24.7,100,1
04/08/2018,27.9,83.7,24.8,1008,248.8,180.5,27.7,100,1
05/08/2018,28.6,79.4,24.7,1007.8,247.1,273.4,27.7,100,1
06/08/2018,28,81.5,24.5,1006.3,243.2,253.4,26.5,100,1
07/08/2018,28.3,80,24.5,1004.4,240,237.7,25.9,100,1
08/08/2018,28.5,81.2,25,1003.6,241.6,168.4,27.7,100,1
09/08/2018,27.9,84.1,24.9,1006.5,245.7,249.1,26.7,100,1
10/08/2018,28.2,83.7,25.1,1008.4,252.9,283,29.5,100,1
11/08/2018,27.7,85.8,25.1,1007,259.9,260.5,29.5,100,1
12/08/2018,27.3,84.9,24.5,1003.8,244.7,264.3,29.5,100,1
13/08/2018,27.2,86.2,24.7,1003,247.1,206,26,100,1
14/08/2018,28.5,82.3,25.1,1004,261,259.6,28.4,100,1
15/08/2018,27.4,85.3,24.7,1003.9,265.7,172,33.5,100,1
16/08/2018,27.4,86.6,24.9,1003.3,276.2,210.3,30.7,100,1
17/08/2018,27.3,85.9,24.7,1002.6,260,188.1,32.5,100,1
18/08/2018,27.3,86.1,24.7,1004,249.8,233.7,31.1,100,1
19/08/2018,27.7,85.8,25,1004.9,258.7,277.5,28.3,100,1
20/08/2018,27.3,85,24.5,1005.4,261.1,247.5,33,100,1
21/08/2018,26.9,87.4,24.6,1005.3,251.7,102.5,25.9,100,1
22/08/2018,27.1,87.5,24.8,1006.4,244.4,269.2,22.3,100,1
23/08/2018,27.4,85.1,24.7,1007.6,247.5,231.6,24,100,1
24/08/2018,27.5,84.1,24.5,1007.4,248.7,245.8,22.2,100,1
25/08/2018,27.4,83.2,24.3,1006.7,248.5,211.9,25.9,100,1
26/08/2018,27.1,85.1,24.4,1005,243.1,217.7,23.1,100,1
27/08/2018,27.3,83.9,24.3,1005.1,236.5,181.9,24.7,100,1
28/08/2018,27.1,82.4,23.8,1005.5,249.8,198.9,20.5,100,1
29/08/2018,28.1,80.1,24.3,1007.1,247.4,270.2,21.1,100,1
30/08/2018,28.1,80.2,24.4,1007.5,265.7,283.2,25.8,100,1
31/08/2018,28.3,78.6,24.2,1007.9,258.8,279.5,27.7,100,1
01/09/2018,28.1,80.4,24.3,1008.5,252.5,279.8,25.3,100,1
02/09/2018,27.7,80.7,24.1,1008.5,248.7,284.2,24.8,100,1
03/09/2018,27.9,79.7,24.1,1008.6,258.3,262.4,28.3,100,1
04/09/2018,28.1,78.3,24,1009.6,259.6,280.6,26.5,100,1
05/09/2018,28.2,77.2,23.8,1009.2,268.3,207.3,27.7,100,1
06/09/2018,28.3,74.4,23.3,1008.2,270.5,222.2,24.6,0,0
07/09/2018,28,73.7,22.8,1008,264.5,258.8,24.7,100,1
08/09/2018,28.3,72.1,22.7,1008.1,249,275.3,24.7,100,1
09/09/2018,27.8,75.6,23,1009.2,199,296.4,21.1,0,0
10/09/2018,28.1,74.9,23.1,1011.8,231.1,286.1,21.1,0,0
11/09/2018,28.1,74.6,23.1,1012.4,220.7,285.5,25.3,0,0
12/09/2018,28,75.1,23.1,1010.7,238.5,281.9,24.1,0,0
13/09/2018,28,75.6,23.3,1009.3,215.1,256.9,19.4,100,1
14/09/2018,27.5,80.3,23.8,1009.8,173,245.9,13,100,1
15/09/2018,28.3,80.7,24.6,1010.4,185.8,264.6,21.1,100,1
16/09/2018,28,81,24.4,1009,184.2,283,21.1,100,1
17/09/2018,28.5,75,23.5,1008.2,195.4,296.4,25.1,0,0
18/09/2018,28.5,73.5,23.2,1008.8,210.3,288.1,24.1,100,1
19/09/2018,27.3,78.7,23.2,1008.8,281.3,245.4,14.8,100,1
20/09/2018,27.9,80.7,24.3,1006.8,270.1,249.4,20.5,100,1
21/09/2018,28.8,80.3,25,1005.6,188.2,212.6,22.9,100,1
22/09/2018,28.9,83.3,25.7,1007.4,236.3,131.1,24.2,100,1
23/09/2018,28.8,80.6,25,1011,201.8,240.1,19.9,0,0
24/09/2018,28.8,80.7,25.1,1011.2,218.7,254.7,19.6,0,0
25/09/2018,28.9,76.2,24.2,1010.7,215.4,276,24.7,0,0
26/09/2018,29.3,75.2,24.3,1008.8,196.2,263.8,22.2,100,1
27/09/2018,29.3,77.5,24.9,1008.6,243.7,233.4,25.9,100,1
28/09/2018,29.2,77.2,24.7,1009,161.1,123.2,19,100,1
29/09/2018,29.5,76.3,24.8,1009.7,181.4,158.1,21.9,100,1
30/09/2018,31.5,67.1,24.3,1008.8,122.2,245.4,19.6,100,1
01/10/2018,31.3,62.6,23.1,1008.4,202.4,251.9,76.9,100,1
02/10/2018,30.9,65.5,23.5,1009.3,183.8,229.3,17.1,100,1
03/10/2018,30.7,67.8,24,1009.1,187.6,107.8,20.5,100,1
04/10/2018,30.4,66.1,23.2,1009.1,151.1,104.3,22.3,100,1
05/10/2018,31.3,60.8,22.6,1009.3,114.9,129.3,16.6,100,1
06/10/2018,31.7,57.8,21.9,1009.2,131.7,144.8,17.1,100,1
07/10/2018,32.1,62.4,23.5,1008.6,148.7,232.5,22.3,0,0
08/10/2018,31.4,72.2,25.5,1008.4,189.1,204.3,18.4,100,1
09/10/2018,30.6,77.9,26.2,1008.7,206.3,177.3,21.1,0,0
10/10/2018,30.2,77.8,25.9,1008.5,250.8,215.7,22.9,0,0
11/10/2018,30.4,75.7,25.5,1008.5,238.6,244.1,23.5,0,0
12/10/2018,30.8,73.3,25.2,1008.8,176.3,225.3,21.1,0,0
13/10/2018,31.8,68,24.7,1010.2,142.4,237.1,19,0,0
14/10/2018,31.4,59.6,22,1011.3,178.7,243.8,20.2,0,0
15/10/2018,31.5,57.1,21.5,1011.4,143.6,205,22.3,0,0
16/10/2018,31.1,57.3,21.4,1011.5,162.6,212.1,19,100,1
17/10/2018,30.1,70.4,24,1011.4,168.5,150.7,20.5,100,1
18/10/2018,28.9,74.8,23.9,1011.3,194.7,91,22.9,100,1
19/10/2018,28.8,71.9,23.1,1011.3,139.2,168.3,20.2,100,1
20/10/2018,30.3,71.1,24.3,1012.1,181.9,225.4,19.3,100,1
21/10/2018,30.2,76.2,25.4,1012.9,215.4,221.4,18.4,100,1
22/10/2018,31.1,70,24.6,1012.1,182.5,207.1,16.6,100,1
23/10/2018,31,49.5,18,1011.7,198.8,251,19.5,0,0
24/10/2018,30.7,43,15.6,1011.2,137.7,259.7,18.8,0,0
25/10/2018,30.3,55.1,19.9,1012.2,155.5,234.2,17.8,0,0
26/10/2018,31.1,50.3,18.9,1013.4,157,186,17.8,100,1
27/10/2018,30.7,52.5,19.4,1013.6,165.9,239.7,19,0,0
28/10/2018,30.6,46.5,16.7,1012.4,97.9,240.7,21.3,0,0
29/10/2018,30.4,41,14.4,1011.5,147.4,257.3,15,0,0
30/10/2018,29.8,41,14.6,1010.9,169.2,245.7,19.6,0,0
31/10/2018,29.6,44.1,15.6,1011,142.8,250.4,20.2,0,0
01/11/2018,30.1,53.3,19,1010.6,165.5,247.5,21.1,0,0
02/11/2018,30.6,54,19.4,1010,160.5,241.5,19,0,0
03/11/2018,31.1,58.9,21.8,1010.4,148.1,239.2,21.3,0,0
04/11/2018,31,64.3,23.2,1011,177,169,22.8,100,1
05/11/2018,30.1,65.6,22.7,1011.6,200.3,58.5,17.1,100,1
06/11/2018,31.2,63.7,23.2,1011.7,192.6,178.2,22.9,100,1
07/11/2018,30.3,42.8,15.8,1012,164.8,232.4,21.9,0,0
08/11/2018,29.4,51,17.8,1011.1,156.5,233.8,17.1,0,0
09/11/2018,30.2,58.5,20.6,1010.2,184.1,227.8,18.9,0,0
10/11/2018,30.3,53.7,19.4,1011.2,163.7,222.7,18.3,0,0
11/11/2018,29.3,53.5,18.4,1012,125.3,228.4,19.6,0,0
12/11/2018,29.1,54.4,18.2,1011.4,141.2,235.1,19.6,0,0
13/11/2018,28.3,62.1,20.1,1010.1,169,224.8,18.4,0,0
14/11/2018,27.6,71.2,21.8,1010.1,188.4,219.8,22.9,0,0
15/11/2018,28.9,60.8,19.8,1011.4,140.9,224.5,19.6,0,0
16/11/2018,29.4,45.8,15.7,1011.6,157.2,234.4,20.7,0,0
17/11/2018,29.1,49,16.6,1010.4,150.8,234,19.5,0,0
18/11/2018,28.7,59.7,19.7,1011,167.1,221.6,17.1,0,0
19/11/2018,28.8,70.3,22.6,1012.6,150.7,190.5,19.6,0,0
20/11/2018,29.6,67,22.6,1013.2,161.9,184.7,15.9,100,1
21/11/2018,30.2,59.9,21.2,1012.8,155.8,153.1,18.3,0,0
22/11/2018,30.3,58.6,21,1012.8,145,182.4,17.1,0,0
23/11/2018,30,52.5,18.5,1014.5,127,217.8,22.3,0,0
24/11/2018,29.3,51.9,17.8,1015.3,153.1,216.4,20.7,0,0
25/11/2018,28.8,55.1,18.5,1014.1,145.4,193.9,16.6,0,0
26/11/2018,28.8,55.6,18.6,1012.1,109.7,181.6,14.7,0,0
27/11/2018,29,47.5,15.9,1012.3,133.6,205.4,17.7,0,0
28/11/2018,28.6,49.7,16.1,1013.1,160.4,161.3,19.4,0,0
29/11/2018,28.5,49.6,15.7,1014.5,150.7,198.3,19.4,0,0
30/11/2018,28.4,45.5,14.8,1014.5,160.3,209.3,17.1,0,0
01/12/2018,28,46.2,14.7,1012,113.6,129.3,15.2,0,0
02/12/2018,27.3,48.6,15.1,1010.5,164.9,189.4,15.9,0,0
03/12/2018,27.5,54.7,17.3,1011,161.9,166.4,17.8,0,0
04/12/2018,28.7,52.1,17.3,1012.3,134,111,20.7,0,0
05/12/2018,28.4,55.1,18.2,1011.4,116.8,188.6,17.1,0,0
06/12/2018,28.3,48.7,15.9,1010.9,158.8,203.5,21.3,100,1
07/12/2018,27.8,50,16.1,1011,183.3,203.5,18.9,0,0
08/12/2018,27.5,51.1,16.1,1012,148,211.1,18.6,0,0
09/12/2018,26.1,51.4,15,1011.6,192.8,211.6,23.5,0,0
10/12/2018,25.8,49.7,13.6,1012.1,159.5,208.4,19.5,0,0
11/12/2018,25.5,49.3,13.5,1012.8,137.9,214.8,18.8,0,0
12/12/2018,26,61.4,17.8,1013.5,228.2,204.6,18.5,0,0
13/12/2018,26,48.6,13.8,1014.4,144.5,210.4,26.3,0,0
14/12/2018,26.9,37.2,10.9,1014,68.7,192,24.1,0,0
15/12/2018,27.5,38.5,11.9,1013.9,72.7,188.1,25.9,0,0
16/12/2018,27,43.1,13,1014.2,129.8,189.3,24.6,0,0
17/12/2018,25.2,41,10.5,1013.8,156.7,202.5,22.5,0,0
18/12/2018,25.5,46.7,12.9,1014.3,152.5,209.7,20.7,0,0
19/12/2018,24.9,45.6,11.9,1014.8,173.3,223.9,20.6,0,0
20/12/2018,24.8,47.2,12.1,1014.4,195,223.3,21.3,0,0
21/12/2018,25.8,53.3,15.2,1013.4,152.6,215.3,15.9,0,0
22/12/2018,26.1,52.6,15.1,1012.9,146.3,216.4,17.7,0,0
23/12/2018,26.8,51,15.5,1012.9,152.8,206.2,20.2,0,0
24/12/2018,26.8,55.9,17,1012.9,151.7,194.8,16.6,0,0
25/12/2018,26.5,57.3,17,1012.9,198.6,199.2,17.6,0,0
26/12/2018,24.4,42.5,10.1,1013.9,252.6,203.3,20.6,0,0
27/12/2018,23.4,34.8,5.9,1013.8,115.4,225.6,22.5,0,0
28/12/2018,24.5,32.5,6.4,1012.9,92.3,222.1,21.3,0,0
29/12/2018,24.8,30.3,5.7,1014.5,165.5,222.7,16.6,0,0
30/12/2018,24.9,33.3,6.7,1016,116.2,217.3,20.2,0,0
31/12/2018,25.1,37.3,8.8,1017,137.3,210.2,17.7,0,0
01/01/2019,24.9,45.2,11.2,1017.1,122.5,217.1,19,0,0
02/01/2019,24.8,49,12.8,1017,134.4,217,17.1,0,0
03/01/2019,24.8,52.3,13.4,1017.4,140.5,212.4,14.7,0,0
04/01/2019,25.6,48,13.1,1016.1,122.5,214.2,17.1,0,0
05/01/2019,24.6,52.9,13.8,1014.8,169.9,204.1,18.4,0,0
06/01/2019,24.4,54.9,14.2,1014,235.8,215.4,19.6,0,0
07/01/2019,24.9,44.7,11.5,1013.8,135.4,214.9,62.8,0,0
08/01/2019,25,41.9,10.6,1013.9,160.6,219.4,21.3,0,0
09/01/2019,23.6,52.2,12.7,1013.6,162.2,220.8,17,0,0
10/01/2019,24.5,49.1,12.2,1012.6,202.9,219.4,19.6,0,0
11/01/2019,24.2,57,14.7,1013.3,183.6,214.5,21.3,0,0
12/01/2019,23.7,61.4,15.3,1013.5,175.1,217.8,20.6,0,0
13/01/2019,23.8,56.6,14.3,1014.2,230.1,222.1,20.1,0,0
14/01/2019,25.2,53.1,14.3,1013.2,179.4,206.7,19.5,0,0
15/01/2019,27.2,45.8,14.2,1013.7,154.1,200.1,20.2,0,0
16/01/2019,26.7,49.8,14.8,1013.8,156.1,201.4,17.8,0,0
17/01/2019,26.3,51.3,15,1012.8,126.4,208.8,18.3,0,0
18/01/2019,26.3,48.9,14.1,1012.7,161.6,217.3,22.3,0,0
19/01/2019,26.8,52.9,15.7,1013.6,157.1,213.8,16.6,0,0
20/01/2019,27,57.7,17.5,1014,177.6,209.2,16.6,0,0
21/01/2019,25.2,63.6,17.4,1013.3,252,207.9,22.3,0,0
22/01/2019,24.8,68.8,18.3,1013.8,163.5,180.3,14.8,0,0
23/01/2019,24.1,66.1,17.1,1014.8,266.2,223.6,21.9,0,0
24/01/2019,22.8,56.6,13.6,1015,205.2,233,22.3,0,0
25/01/2019,22.7,40.4,8.3,1015,220.6,240.4,29.3,0,0
26/01/2019,22.8,40.7,8.5,1015,240.2,232.8,21.1,0,0
27/01/2019,24.3,44.1,11.2,1015.5,162.2,214.4,23.3,0,0
28/01/2019,24.6,39.2,9.6,1016.5,104.7,228.1,23.5,0,0
29/01/2019,24.8,35.5,8.2,1016,121.2,233.6,21.9,0,0
30/01/2019,25.2,36.6,8.8,1015.1,152,239.1,20.2,0,0
31/01/2019,24.5,46.4,11.8,1014.1,141,235.6,21.3,0,0
01/02/2019,24.6,52.8,13.9,1014,239.3,232.3,20.2,0,0
02/02/2019,24.1,54.1,14,1012.9,177.7,228.7,18.8,0,0
03/02/2019,25.6,56.8,15.9,1013.6,184.3,216.5,21.7,0,0
04/02/2019,27.4,54.4,16.6,1015.2,166.9,230.3,21.1,0,0
05/02/2019,26.8,64.1,19,1015.1,177,225.1,19.6,0,0
06/02/2019,24.9,64.2,17.4,1013.1,242,235.3,24,0,0
07/02/2019,23.4,63.3,15.7,1014.9,245.3,242.9,27.1,100,1
08/02/2019,21.1,48.5,9.6,1016.9,180.8,247.9,30.5,0,0
09/02/2019,21.7,35.4,5,1015.4,153.3,264.6,29,0,0
10/02/2019,24.3,32,5.6,1014.7,151.1,265.2,18.4,0,0
11/02/2019,26,40.4,10.9,1014.2,182.2,259.8,22.2,0,0
12/02/2019,28.1,39.6,12.3,1014.5,129.6,239.9,20.2,0,0
13/02/2019,27.7,47,14.9,1015.7,184.3,239.4,25.8,0,0
14/02/2019,26.3,56.1,16.6,1013.7,213.6,248.3,25.8,0,0
15/02/2019,25.1,59.5,16.4,1014.5,295.8,254.7,22.6,0,0
16/02/2019,24.6,51.7,13.5,1014.8,176.4,266.5,23.3,0,0
17/02/2019,24.2,50.8,13,1013.4,172.4,262.8,24,0,0
18/02/2019,24.8,55.1,14.5,1011.1,203.9,261.2,21.3,0,0
19/02/2019,26,50.1,13.9,1011.4,181.9,260,23.1,0,0
20/02/2019,25.6,68.5,19.1,1013.2,198.3,257.3,18.4,0,0
21/02/2019,25.5,75.5,20.7,1016,214.5,250.2,25.8,0,0
22/02/2019,26.6,68.6,20,1014.4,274,247,21.3,0,0
23/02/2019,28,56,17.9,1012,201.5,260.9,18.8,0,0
24/02/2019,28,40.7,12.9,1010.8,261.2,252.2,21.1,0,0
25/02/2019,26.8,45.1,13.2,1010.5,243.9,273.9,25.8,0,0
26/02/2019,26.6,60.1,17.3,1010.5,245.1,262.5,21.8,0,0
27/02/2019,25.1,66.3,18.1,1010.4,213.7,273.3,24.7,0,0
28/02/2019,25.6,54.5,15,1011,146.3,277.8,23.4,0,0
01/03/2019,25.6,45.2,12.5,1010.1,154.4,280.2,22.9,0,0
02/03/2019,26.4,62.3,18.1,1010.1,180.3,280.3,23.5,0,0
03/03/2019,25.7,70.7,19.8,1011.5,224.8,229.7,24.1,0,0
04/03/2019,25.7,74.2,20.6,1010.7,230.3,253.3,27.7,0,0
05/03/2019,25.9,66.9,19.1,1010.6,232.1,274.7,21.7,0,0
06/03/2019,25.1,64.8,17.8,1011.8,233.7,283.2,26.4,0,0
07/03/2019,25.6,66.7,18.5,1010.7,178.3,283,21.7,0,0
08/03/2019,26.3,59,17,1012,253.2,275.6,20.6,0,0
09/03/2019,27.7,51.1,16,1012.7,250.2,281.4,24.6,0,0
10/03/2019,27.6,49.2,15.4,1012.4,253.2,285.8,24,0,0
11/03/2019,26.6,64.5,19.1,1013.7,231.8,279.9,25.8,0,0
12/03/2019,26.1,69,19.8,1014,266.4,253.6,25.3,0,0
13/03/2019,25.9,63.7,18.3,1014.7,262.8,283.4,25.8,0,0
14/03/2019,26.4,55.2,16.1,1014.5,248.1,285.8,25.6,0,0
15/03/2019,27.7,47.4,13.9,1013.1,229.1,289.5,24.1,0,0
16/03/2019,27.2,51.3,15.9,1012,218.1,290,21.3,0,0
17/03/2019,27,62.6,18.9,1012.2,205,295.9,21.3,100,1
18/03/2019,28.4,48.1,15.8,1011.5,228.3,296.6,24.6,0,0
19/03/2019,27.4,56.3,17.5,1010,229.8,304,25.8,0,0
20/03/2019,26.6,70.4,20.5,1010.3,223.7,296.7,27.1,0,0
21/03/2019,26.3,72.1,20.6,1012.3,245.5,298.8,25.8,0,0
22/03/2019,26.4,67,19.4,1012.6,215.5,304,25.8,0,0
23/03/2019,29.3,52.3,18,1011.3,240,297,24,0,0
24/03/2019,30.8,45,17,1009.5,232.8,295.5,22.4,0,0
25/03/2019,32.5,37.3,15,1008.9,171.4,292.7,27.4,0,0
26/03/2019,31.7,46.8,17.6,1010.4,195.4,296.8,26.4,0,0
27/03/2019,28.8,70.7,22.8,1012.8,190.6,300.1,23.5,0,0
28/03/2019,28.4,71.7,22.5,1011.6,224.2,300.4,22.2,0,0
29/03/2019,29,71.8,23.1,1010.3,239.5,297.9,21.9,0,0
30/03/2019,28.5,76.2,23.8,1009.9,213,294.1,24,0,0
31/03/2019,28.7,75.3,23.8,1010.8,227.3,297.7,22.9,0,0
01/04/2019,28,72.2,22.4,1011,225.5,314.8,24.6,0,0
02/04/2019,27.7,75.3,22.8,1010.5,228.5,315.6,25.3,0,0
03/04/2019,29.1,71.7,23.2,1009.4,227,302.9,29,0,0
04/04/2019,28.6,78.6,24.5,1010.6,206.8,303.5,24.1,0,0
05/04/2019,29.4,72.3,23.7,1012.1,205,297.5,22.3,0,0
06/04/2019,29.1,70.7,23.1,1011.5,193.6,305.5,22.3,0,0
07/04/2019,29.2,72.6,23.6,1009.8,175.2,300.6,26.5,0,0
08/04/2019,29.3,72.5,23.5,1008.7,205,309.4,24.5,0,0
09/04/2019,29.3,71.6,23.3,1009.8,215.8,306.7,22.2,0,0
10/04/2019,29.1,73.8,23.8,1010.3,225,302.9,24,0,0
11/04/2019,29.2,75.2,24.3,1009.5,261.3,278,27.1,100,1
12/04/2019,29.5,75.7,24.7,1009,197,283.8,25.8,100,1
13/04/2019,30.8,62,22.4,1008.7,234.8,297.5,18.4,100,1
14/04/2019,30.3,68,23.6,1009.1,210,268.7,25.3,100,1
15/04/2019,30.3,69.7,24,1009,251.3,200.9,23.3,100,1
16/04/2019,30.2,71.2,24.3,1009.1,219,234.8,24.7,100,1
17/04/2019,29.5,52.8,18.4,1011.1,316,320.8,27.6,0,0
18/04/2019,29,61.2,20.7,1010.5,241.1,323.2,28.2,0,0
19/04/2019,30.3,60.6,21.5,1008.3,262.1,323.7,27.1,0,0
20/04/2019,29.4,67.4,22.6,1007.1,201.6,328.7,24.6,0,0
21/04/2019,29.1,69.4,22.8,1007.5,224.3,325.5,23.3,0,0
22/04/2019,29.5,68.5,22.9,1007.7,234.7,330.9,27.1,0,0
23/04/2019,29.8,72.6,24.2,1008.6,227.3,323.5,27.2,0,0
24/04/2019,30,72.2,24.3,1009.2,294,314.8,24.6,0,0
25/04/2019,30.7,63.8,22.9,1008.8,273.1,310,24.2,0,0
26/04/2019,30.9,72,25.2,1007.2,284.4,305.1,25.8,0,0
27/04/2019,32,64.2,24.2,1006.2,237.3,289.2,23.3,100,1
28/04/2019,31.7,69.1,25.2,1006.4,236,266.6,27.1,100,1
29/04/2019,30.7,75,25.7,1007.2,226.9,294.8,24.1,0,0
30/04/2019,30.1,73.4,24.7,1007.2,187.8,309.6,25.3,0,0
01/05/2019,29.8,69.9,23.6,1006.2,239.6,306.7,25.9,0,0
02/05/2019,29.6,65.8,22.4,1006.7,223.9,326.8,20.7,0,0
03/05/2019,29.5,66.7,22.5,1008,228,327.7,29,0,0
04/05/2019,30.1,66,22.9,1010.8,242.5,298.9,22.9,0,0
05/05/2019,30.1,67,23.2,1011.8,273.2,319.6,24.6,0,0
06/05/2019,29.6,71.4,23.8,1009.5,247,315.5,27.7,0,0
07/05/2019,29.9,70.7,23.9,1009.4,220.4,314.6,24,0,0
08/05/2019,30.1,68.2,23.5,1010.4,280.5,284.1,26,0,0
09/05/2019,29.9,65.1,22.5,1009.7,273.9,294.9,25.9,0,0
10/05/2019,30.2,67.6,23.4,1009.1,286.8,321,24,0,0
11/05/2019,29.9,67.6,23.1,1009.9,242.3,315.6,24.6,0,0
12/05/2019,29.7,70.7,23.8,1009.1,219.4,322.1,27.1,0,0
13/05/2019,30.1,70.2,24,1008.4,247,320.1,26.5,0,0
14/05/2019,30,69.3,23.7,1008.5,245.3,326.3,24.6,0,0
15/05/2019,29.9,69.6,23.7,1009.4,227,330,26.5,0,0
16/05/2019,30,68.4,23.4,1010.1,255.2,325.3,24.1,0,0
17/05/2019,30.3,71.9,24.6,1010,233.1,302.9,24.2,0,0
18/05/2019,30.6,74.8,25.5,1008.9,215.6,304.2,20.5,0,0
19/05/2019,31.2,70.5,24.9,1008.5,219.6,309.6,24,0,0
20/05/2019,30.8,76.1,26,1008.5,237.1,309.6,28.3,0,0
21/05/2019,30.8,77.7,26.4,1008.3,239.5,294.9,26.5,0,0
22/05/2019,30.5,73.5,25.1,1008.2,281,257.2,28.3,0,0
23/05/2019,30.7,74.5,25.5,1007.6,246.6,249.3,25.8,0,0
24/05/2019,30.9,72.4,25.2,1008.6,254.2,201.5,24.8,0,0
25/05/2019,30.9,71.2,25,1007.8,259.5,236.8,26.4,0,0
26/05/2019,30.6,68.9,24.1,1007,262.2,245.8,22.2,0,0
27/05/2019,31,71.2,25.1,1006.9,277.3,270,21.8,0,0
28/05/2019,30.9,71,24.9,1006.6,256.3,292.7,26.5,0,0
29/05/2019,30.9,72.9,25.4,1005.7,273.2,291.7,27.1,0,0
30/05/2019,30.9,71.3,25,1005.6,265.5,267.9,27.1,0,0
31/05/2019,30.8,69.9,24.6,1005.5,256.2,269.3,23.5,0,0
01/06/2019,31.2,69.6,24.9,1007,246.9,285.7,23.5,0,0
02/06/2019,31.3,70.9,25.3,1006.6,261.3,295.2,23.3,0,0
03/06/2019,31.5,71.2,25.6,1006.9,248.7,228.6,22.9,0,0
04/06/2019,31.2,70.3,25.1,1006.6,262.7,187,24,0,0
05/06/2019,31.2,72.4,25.6,1005.6,282.6,230.9,25.8,0,0
06/06/2019,31.5,72.7,25.9,1006.2,271,194,25.9,100,1
07/06/2019,31.7,72.8,26.1,1006.1,260.8,253.4,23.5,100,1
08/06/2019,32.1,72,26.3,1005.4,281.7,193.6,25.9,100,1
09/06/2019,32.1,72.3,26.4,1004.5,242,135.8,25.3,100,1
10/06/2019,30.8,75.4,25.8,1002.9,217.5,148.5,22.3,100,1
11/06/2019,30.2,77.2,25.5,1000.7,153.8,203.5,21.7,100,1
12/06/2019,28.9,78.2,24.5,1000.2,146.5,223.2,77,100,1
13/06/2019,29.1,80.7,25.4,1001.6,171,286.9,38,100,1
14/06/2019,29.2,83.8,26.1,1002.8,177.9,291.6,30.4,100,1
15/06/2019,29.3,85.3,26.5,1004.4,179.4,283.8,31.9,100,1
16/06/2019,30.3,79.6,26.4,1006.1,195.3,296.2,30.1,100,1
17/06/2019,30.5,78.7,26.3,1006.7,203,300.3,29.5,100,1
18/06/2019,29,83.8,25.9,1004.7,216.4,304.8,30.8,100,1
19/06/2019,29,84.9,26.1,1004,212.3,275.4,22.3,100,1
20/06/2019,30.4,77.7,26,1005,261.7,259.4,22.3,100,1
21/06/2019,30.6,75.5,25.7,1004.8,237.5,301.4,25.4,0,0
22/06/2019,30.7,72.8,25.2,1003.8,271.5,286.9,25.8,100,1
23/06/2019,30.8,72.1,25.1,1003.1,276.5,171.2,22.9,100,1
24/06/2019,29.6,77.5,25.2,1004.2,216.8,131.7,17.8,100,1
25/06/2019,29.6,78.9,25.5,1005.2,208.8,270.2,19,100,1
26/06/2019,30.1,78.5,25.9,1004.8,198,179.3,24.1,100,1
27/06/2019,29,83.3,25.8,1003.7,205.1,164,25.9,100,1
28/06/2019,27.3,91.2,25.7,1003.5,255.1,147.2,29.5,100,1
29/06/2019,26.8,90.3,25,1003.7,223,91.3,33.6,100,1
30/06/2019,27.3,90.1,25.5,1003.6,196.9,150.9,24.6,100,1
01/07/2019,26,96.2,25.4,1002.6,224.3,120.4,25.7,100,1
02/07/2019,25.9,95.9,25.2,1003.7,132.7,141.8,14.8,100,1
03/07/2019,27.2,91.8,25.7,1003.9,178.4,114.3,18.4,100,1
04/07/2019,27.6,92.3,26.2,1003.1,203.7,201.9,25.8,100,1
05/07/2019,28.4,88.9,26.3,1001.8,252,248.5,29.9,100,1
06/07/2019,28,89.5,26.1,1000.9,245,142.3,29.5,100,1
07/07/2019,29.3,86.9,26.9,1002.1,245.8,110.1,31.7,100,1
08/07/2019,28.3,90.3,26.5,1003.3,241.9,257.8,30.7,100,1
09/07/2019,29.1,84.9,26.3,1002.6,229.9,149.8,26.5,100,1
10/07/2019,27.4,92.3,26,1002.8,251.1,183.2,25.8,100,1
11/07/2019,29.1,86.2,26.6,1005.2,240.6,167.2,25.9,100,1
12/07/2019,29.1,85.8,26.4,1006.4,222.3,215.3,24.1,100,1
13/07/2019,28.7,87.1,26.4,1007.1,240.3,206.4,24.1,100,1
14/07/2019,29.2,83.9,26.2,1007,249.8,194.8,21.3,100,1
15/07/2019,29.7,81.2,26.1,1005.7,243.8,254.9,22.9,100,1
16/07/2019,29.1,84.2,26.1,1006.4,248.8,121.3,25.7,100,1
17/07/2019,29.6,80.4,25.8,1006.2,239.7,161.2,23.6,100,1
18/07/2019,29.8,79.2,25.7,1004.2,233.6,244.7,21.1,100,1
19/07/2019,30.1,77.3,25.7,1002.7,219,275.9,23.5,100,1
20/07/2019,29,84.1,26,1001.9,154.5,241.9,18.4,100,1
21/07/2019,29.3,83.2,26.1,1000.4,189.7,213.8,19,100,1
22/07/2019,29.6,81.6,26,1000,181.9,102.6,22.2,100,1
23/07/2019,29.4,82.1,26,1000.5,179.6,213.8,21.7,100,1
24/07/2019,27,93.3,25.8,1003.5,250.1,144,29.5,100,1
25/07/2019,27.8,89.3,25.8,1005.8,245.1,188.4,21.8,100,1
26/07/2019,28,88.2,25.8,1004.7,252.2,153,31.7,100,1
27/07/2019,27.8,87.7,25.6,1004.7,251.8,124.5,33.6,100,1
28/07/2019,28.8,83.7,25.8,1004.6,260.8,192.7,30,100,1
29/07/2019,28.1,86.7,25.7,1003.8,270.5,156.3,29.9,100,1
30/07/2019,26.9,91.4,25.3,1004.5,260.4,117.3,29.5,100,1
31/07/2019,28,86.2,25.4,1005.7,254.3,167.6,31.8,100,1
01/08/2019,28.5,84.5,25.6,1005.1,254.1,289,32.9,100,1
02/08/2019,26.9,90.3,25.2,1003.9,251.6,214.4,35.3,100,1
03/08/2019,26.5,92.8,25.2,1003.3,245.5,55.9,29.5,100,1
04/08/2019,27.1,92.5,25.8,1002.5,255.9,118.6,39.6,100,1
05/08/2019,28,88.5,25.9,1002.4,261,173.1,27.7,100,1
06/08/2019,27.9,88.1,25.8,1002,256.2,153.2,27.7,100,1
07/08/2019,28.1,87.3,25.8,1001.1,253,126.9,30.8,100,1
08/08/2019,28.2,87,25.8,1000.4,255.3,136.8,31.7,100,1
09/08/2019,28.1,87.3,25.8,1000.5,245,96.9,31.7,100,1
10/08/2019,28.4,83.9,25.5,1002,240,225.5,29.5,100,1
11/08/2019,28.6,82.6,25.3,1004.3,237.5,262.7,26.6,100,1
12/08/2019,28.6,83.5,25.6,1005.1,247.8,215.2,22.8,100,1
13/08/2019,28.3,85.6,25.7,1005.3,252.1,240.8,25.8,100,1
14/08/2019,28.3,85.7,25.6,1006,254,125.1,22.3,100,1
15/08/2019,28.2,85.2,25.5,1006.7,258.2,239.9,26.6,100,1
16/08/2019,28.3,84.3,25.3,1006.4,246.8,261.1,26.6,100,1
17/08/2019,28.6,80.8,25,1006.2,234.7,281.4,24.8,100,1
18/08/2019,28.6,80.6,24.9,1007.9,240.3,285,24.1,100,1
19/08/2019,28.7,80.3,25,1009,241.1,257.9,20.5,100,1
20/08/2019,29.1,76.2,24.4,1008.9,260.8,162.1,25.4,100,1
21/08/2019,28.9,79,24.8,1008.1,260.3,282.6,24.1,100,1
22/08/2019,29,77.6,24.6,1007.4,263.9,273.7,24.7,100,1
23/08/2019,29.1,77.5,24.7,1007.3,232,269.6,25.3,100,1
24/08/2019,28.7,77.5,24.4,1007,243.2,279.8,24.8,100,1
25/08/2019,28.1,79.6,24.2,1006,217.6,194.9,21.8,100,1
26/08/2019,28.5,78.4,24.2,1005.7,194.3,184.6,26.5,100,1
27/08/2019,28.7,76.3,24.1,1004.6,225.5,286.1,24.8,100,1
28/08/2019,28.7,79.4,24.7,1004.8,180.7,293.9,25.5,100,1
29/08/2019,29.1,81.4,25.5,1005.1,197,240.4,20.5,100,1
30/08/2019,28.2,86.4,25.6,1003.8,210.9,243,25.3,100,1
31/08/2019,28.1,86.4,25.5,1002.2,242.8,154.3,21.1,100,1
01/09/2019,26.9,88.8,24.9,1003.9,238.4,116.7,29.3,100,1
02/09/2019,28.4,84,25.4,1004.8,221.4,162.3,24.1,100,1
03/09/2019,26.5,93.4,25.3,1004.3,237.5,185.7,22.3,100,1
04/09/2019,25.8,94.8,24.9,1003,254.3,125.3,25.3,100,1
05/09/2019,27.1,92.7,25.8,1002,249.4,171.2,24.1,100,1
06/09/2019,27.2,90.8,25.5,1002.5,232.8,163.4,24,100,1
07/09/2019,26.9,91.9,25.4,1002.9,219.2,235.8,25.9,100,1
08/09/2019,26.6,94,25.6,1004.4,224.7,182.9,22.8,100,1
09/09/2019,27.2,91.2,25.6,1004.5,243.8,186,29,100,1
10/09/2019,27.9,87.2,25.5,1004.2,234.3,247.8,24.8,100,1
11/09/2019,27.2,88.8,25.1,1007.1,221.4,193.1,27.2,100,1
12/09/2019,27.4,89.4,25.5,1008.4,237.7,112.4,25.9,100,1
13/09/2019,27.3,89.8,25.4,1008.7,239.2,224.2,23.5,100,1
14/09/2019,28.4,87.2,26,1008.4,257.2,256.7,24.1,100,1
15/09/2019,26.5,88.7,24.5,1009.1,212.3,254.2,22.3,100,1
16/09/2019,27.9,87.9,25.7,1008,276.5,278.6,23.5,100,1
17/09/2019,27.6,88.7,25.6,1007,245.5,243.6,23.3,100,1
18/09/2019,27.4,91.4,25.8,1006.9,221.9,179.4,92.5,100,1
19/09/2019,27.3,87.9,25,1005.8,143.7,130.7,17.8,100,1
20/09/2019,26.9,91.1,25.3,1005.7,161.5,52.8,22.9,100,1
21/09/2019,28.4,78.9,24.3,1005,159,287.2,23.3,100,1
22/09/2019,28.6,78.2,24.3,1007,173.4,238.9,22.5,100,1
23/09/2019,28.9,80.1,25,1008.8,188.3,282.1,19,100,1
24/09/2019,29,81,25.3,1007.9,218.4,183.1,24.6,100,1
25/09/2019,27.5,90,25.7,1007.1,197.2,83.5,24.8,100,1
26/09/2019,28.1,84.8,25.2,1008.5,158.9,105.8,22.8,100,1
27/09/2019,27.3,84.4,24.4,1011.7,183.1,218.4,23.5,100,1
28/09/2019,28.1,81,24.4,1011.1,183.5,262.9,22.9,100,1
29/09/2019,28.6,80.2,24.7,1011.7,180.7,225.7,24.7,100,1
30/09/2019,28.2,84.2,25.2,1011.3,201.9,237,26.6,100,1
01/10/2019,29,78.8,24.9,1011.4,218.9,246.3,21.8,100,1
02/10/2019,28.9,78.5,24.6,1012.1,203.2,265.5,20.5,100,1
03/10/2019,29.1,79.4,25.1,1011,189.4,224.9,22.3,100,1
04/10/2019,29.1,79,25,1010.8,136.7,114.9,23.5,100,1
05/10/2019,28.6,75.9,23.9,1009.8,166.2,114.9,22.2,100,1
06/10/2019,29,73.9,23.7,1009.9,202.9,116.5,19,100,1
07/10/2019,30,75.3,25.1,1010.7,199,174.1,23.3,100,1
08/10/2019,29.9,75.9,25.1,1009.8,189.8,192.8,20.7,100,1
09/10/2019,28.3,76.4,23.6,1009.6,152.8,120,21.1,100,1
10/10/2019,29.1,75.4,24.2,1009.5,155.5,120.8,16.6,100,1
11/10/2019,29.4,70.6,23.3,1009.4,201.5,178.4,18.4,100,1
12/10/2019,29.2,74.5,24,1010,150.4,181,21.1,100,1
13/10/2019,29.9,69.5,23.5,1010.8,172.9,136.3,18.4,100,1
14/10/2019,31.2,66.9,24,1010.8,142,183.3,20.1,100,1
15/10/2019,31.7,52.1,20.3,1010.4,116.5,192.1,21.7,0,0
16/10/2019,31.3,50.8,19.6,1010.2,103.3,222.2,20.5,0,0
17/10/2019,31,55.7,20.9,1010,164.8,145.9,19.5,0,0
18/10/2019,28.6,68.2,22.1,1010.1,94.7,99.6,13.4,100,1
19/10/2019,26.1,84.9,23.4,1011.5,82.6,97.1,17.1,100,1
20/10/2019,25.7,85.4,23,1011.5,81.9,84,19.4,100,1
21/10/2019,27.9,77,23.3,1009.3,155.4,124.7,21.1,100,1
22/10/2019,27.5,82.5,24.1,1008.2,148.3,128.7,15.3,100,1
23/10/2019,26.6,86.7,24.2,1006.7,148.9,142.8,16.6,100,1
24/10/2019,27.6,82.7,24.2,1005.7,121,84.2,13.5,100,1
25/10/2019,27.6,76.7,23,1004.2,65.6,98.9,25.9,100,1
26/10/2019,27.8,74.9,22.8,1006.1,98.8,106.1,24.1,100,1
27/10/2019,28.5,75,23.3,1008.9,142.4,237.1,17.1,100,1
28/10/2019,29.3,68.5,22.6,1010.4,167,218.6,16.6,100,1
29/10/2019,29.8,71.1,23.9,1010.8,156.5,198.2,19,100,1
30/10/2019,30.6,65.9,23.3,1009.7,119.2,172.9,14.7,100,1
31/10/2019,30.2,60.4,21.5,1008.7,77.8,121.4,17.8,100,1
01/11/2019,29.5,71.9,23.5,1008.2,141,84.5,22.9,100,1
02/11/2019,28.3,73.9,22.9,1011.1,147.8,204.6,23.6,100,1
03/11/2019,28.8,73.2,23.4,1013.2,175.3,247.2,19.8,100,1
04/11/2019,28.7,78.8,24.6,1013.7,161.7,219.2,25.8,100,1
05/11/2019,29.6,73.7,24.2,1011.2,208.5,220,23.5,100,1
06/11/2019,28.8,74.7,23.7,1009.1,193.6,213.3,20.5,0,0
07/11/2019,28.7,75,23.6,1008.4,169.9,236.7,24.6,100,1
08/11/2019,27.7,80.3,23.9,1009.8,220.4,235.9,22.8,100,1
09/11/2019,27.6,80.3,23.8,1010.7,180.8,241.1,18.4,100,1
10/11/2019,28.4,81.8,24.8,1011,187,240.3,18.4,0,0
11/11/2019,28.8,73.4,23.3,1010.3,155.5,228.2,16.6,100,1
12/11/2019,29.2,68.5,22.5,1010.9,161.4,213.8,14.9,100,1
13/11/2019,29.6,66.5,22.3,1012,148,144.8,16,0,0
14/11/2019,28.6,56.6,18.5,1012.2,155.3,214.5,14.2,0,0
15/11/2019,28.7,64.8,21.2,1011.6,146.5,205.5,14.1,0,0
16/11/2019,29.6,67.5,22.7,1011.6,167.3,207.8,13.6,0,0
17/11/2019,30.3,63.5,22.3,1012.4,143,178,15.2,0,0
18/11/2019,29.5,55,19.2,1012.3,147.2,189.3,21.9,0,0
19/11/2019,28.9,59.4,19.8,1011.5,145.5,176.7,14.2,0,0
20/11/2019,28.4,66,21.2,1010.8,151.5,202.3,14.1,0,0
21/11/2019,29.2,63.2,21.1,1011.6,119.9,189.5,14.9,0,0
22/11/2019,29.1,61.9,20.8,1013.1,159,198.5,15.9,0,0
23/11/2019,29,63.9,21.3,1012.8,158.9,194.4,15.9,0,0
24/11/2019,28.7,63.3,20.7,1012,166.3,210.5,14.9,0,0
25/11/2019,28.4,63.2,20.4,1011.4,158.8,211.6,15.9,0,0
26/11/2019,28.7,60.5,19.8,1010.5,126.6,214.1,15.3,0,0
27/11/2019,28.5,60.2,19.6,1010.9,163.1,210.4,17.1,0,0
28/11/2019,28.9,59,19.8,1011.4,148.9,212.9,14.8,0,0
29/11/2019,29.1,62,20.8,1011.5,126.1,200,17.8,0,0
30/11/2019,29,64.4,21.5,1011.2,139.8,192.4,13.6,100,1
01/12/2019,29.3,67.7,22.5,1011.6,140.9,141.6,14.7,100,1
02/12/2019,29.2,66.3,22,1011.2,133,207.9,16.6,0,0
03/12/2019,29.3,62.6,21.1,1011.7,168.2,200,16,0,0
04/12/2019,29.4,63,21.3,1012.4,157.7,121.2,17.2,0,0
05/12/2019,29.1,70,22.7,1014,104.9,95.2,14.8,100,1
06/12/2019,29.2,56,19.1,1013.5,126,122.9,14.7,100,1
07/12/2019,28,53,17.2,1012.8,154.3,191.5,16,0,0
08/12/2019,27.9,56.2,18.2,1013.2,146.8,183.8,13.5,0,0
09/12/2019,28.2,62.4,20.2,1012.9,150.5,181.4,14.2,0,0
10/12/2019,28.3,65.2,20.9,1011.7,164.4,181.5,15.3,100,1
11/12/2019,27.8,68.5,21.4,1010.7,176.2,190.9,17.1,100,1
12/12/2019,26.9,66.1,19.9,1010.7,175.4,188.1,16,100,1
13/12/2019,26.1,67.8,19.5,1012.8,152.1,209.7,20.2,0,0
14/12/2019,25.5,63.2,17.8,1014.4,174.1,218.4,21.1,0,0
15/12/2019,25.6,66.6,18.8,1013.2,187.8,206,17.7,0,0
16/12/2019,26,71.6,20.3,1012.8,158.8,196.1,16,0,0
17/12/2019,27.2,65.9,19.9,1013.2,124.3,203,19.6,0,0
18/12/2019,27.7,59.9,18.9,1014.2,143.9,207.2,17.2,0,0
19/12/2019,27.5,59.1,18.5,1013,114.4,206,17.2,0,0
20/12/2019,27.1,63.5,19.3,1012.1,139.8,193.8,14.7,0,0
21/12/2019,27.4,62.5,19.4,1011.7,151.1,166.5,14.8,0,0
22/12/2019,28.1,60.5,19.5,1011.3,152.5,171,14.8,100,1
23/12/2019,28.4,65.9,21.1,1011,136.3,178.3,17.1,100,1
24/12/2019,28,68.6,21.5,1012.4,149.7,166.5,15.3,100,1
25/12/2019,28.1,70,22,1012.5,169.4,115.7,16.6,100,1
26/12/2019,26.8,60.1,18,1012.3,202.1,165,21.9,0,0
27/12/2019,25.7,65.1,18.3,1011.3,138.6,211.9,13.1,0,0
28/12/2019,26.9,59.8,18.3,1011.1,126,197.9,15.4,0,0
29/12/2019,26.8,62.4,18.9,1011.5,156.6,181.2,18.4,0,0
30/12/2019,25.2,67.3,18.5,1011.8,200.3,189.3,18.4,100,1
31/12/2019,23.9,54.2,13.8,1013,215.1,209.6,15.9,0,0
01/01/2020,23,61,14.8,1013.6,166.8,213.6,13,0,0
02/01/2020,23.7,68.5,17.4,1015.8,169.5,202.9,19.6,0,0
03/01/2020,23.1,64.5,16,1015.2,197.8,197,23.3,100,1
04/01/2020,22.4,60.4,14.2,1013.7,215.9,204.5,18.7,0,0
05/01/2020,24.7,58.7,15.7,1012.5,122.6,207.5,17.2,0,0
06/01/2020,26.8,57,17.3,1013.5,124,203.1,16.7,0,0
07/01/2020,26.7,66.2,19.6,1012.7,163.4,190.3,14.8,0,0
08/01/2020,26.1,64.6,18.8,1012.9,215.8,143.8,19,0,0
09/01/2020,23.9,55.9,14.5,1013.4,205.4,219.9,19.9,0,0
10/01/2020,25.7,53.2,15.3,1012.7,162.3,204.1,14.9,0,0
11/01/2020,27.6,54.8,17.4,1013.3,152.5,194,14.9,0,0
12/01/2020,27.1,64.8,19.6,1013.3,170.6,199.2,16.7,0,0
13/01/2020,26.1,75.6,21.4,1012.3,192.3,209.6,18.1,0,0
14/01/2020,24.9,67.3,18,1012.4,193.9,206.2,20.5,0,0
15/01/2020,23.3,53.3,13.1,1013.1,249.4,209.7,22.3,0,0
16/01/2020,21.2,57.9,12.4,1014.3,181.6,229.4,19.8,0,0
17/01/2020,20.2,51.3,9.6,1014.7,191.8,232.2,20.6,0,0
18/01/2020,22.9,55,13.1,1013,168,224,14.8,0,0
19/01/2020,24.8,60.3,16.2,1013.4,145.4,221.2,16,0,0
20/01/2020,26.1,60.5,17.5,1013.2,148.5,217.5,16.7,0,0
21/01/2020,25.6,63,17.6,1014.1,191.7,222.9,16,0,0
22/01/2020,26.6,57,17.1,1014.8,130.9,217.8,13.6,0,0
23/01/2020,27.3,56.6,17.6,1013.9,140,217.9,18.7,0,0
24/01/2020,28.1,54.2,17.7,1013.4,157.5,230.8,18.7,0,0
25/01/2020,27.5,57.5,18,1013.2,163.8,201.2,18.1,0,0
26/01/2020,26.9,60.9,18.4,1011.8,166.5,220.4,16,0,0
27/01/2020,25.2,70.8,19.2,1012,253,224.4,19.4,0,0
28/01/2020,25,66.9,18.2,1012.9,228.9,190.5,15.5,0,0
29/01/2020,23,58.8,14.3,1015.7,268.4,233.3,17.2,0,0
30/01/2020,22.5,52.4,12,1014.6,188.5,250.4,20.5,0,0
31/01/2020,23.1,57.4,13.9,1012.5,207.2,244.4,21.1,0,0
01/02/2020,24.1,59.1,15.3,1012.1,132.8,242.9,17.8,0,0
02/02/2020,25.6,63.8,17.7,1013.6,176.7,241.8,17.6,0,0
03/02/2020,24.7,73.9,19.7,1014.2,180.5,230.6,16.7,0,0
04/02/2020,24.8,63.1,16.8,1013.5,215,233.5,17.2,0,0
05/02/2020,24.4,48.6,12.6,1012.9,177.2,241.2,16.6,0,0
06/02/2020,24.4,49.7,12.6,1013.2,245.7,251.2,21.1,0,0
07/02/2020,23.2,46.9,10.8,1014.4,166,251,24.8,0,0
08/02/2020,24.4,57.7,15.2,1014.1,150.7,229.4,24.1,0,0
09/02/2020,26.6,49,14.7,1014,173.8,233.4,18.7,0,0
10/02/2020,27.9,49.9,16.3,1012.7,140.6,234.5,18.4,0,0
11/02/2020,28.4,55.4,18.4,1013.2,143,220,14.2,0,0
12/02/2020,28.9,53.8,18.4,1014.8,168.1,244.4,13.6,0,0
13/02/2020,28.8,52.1,17.6,1014.7,166.6,242.3,16.7,0,0
14/02/2020,29.2,40.5,14.1,1012.9,171.2,242,20.5,0,0
15/02/2020,27.6,38.9,11.9,1012.4,176.3,249.5,20.5,0,0
16/02/2020,26.9,51.3,15.7,1012.9,240.1,248.4,18.1,0,0
17/02/2020,28.8,53.9,17.8,1013.2,127.5,241.4,15.4,0,0
18/02/2020,29.8,47.5,16.8,1012.9,177.3,245.8,17.6,0,0
19/02/2020,28.6,54.3,18,1012.1,159.4,243,16,0,0
20/02/2020,28.1,53.1,17.2,1011.6,185.5,245,18.7,0,0
21/02/2020,27.3,57.4,17.6,1013.9,228.3,251,18.7,0,0
22/02/2020,27.6,50.1,16,1014.6,194.5,254.9,14.8,0,0
23/02/2020,28.3,45.8,14.9,1013.4,180.3,256.3,18.7,0,0
24/02/2020,27.2,56.1,17.4,1011.2,161.5,264.4,16.7,0,0
25/02/2020,29.1,32.3,10,1010.5,121.3,276,19.3,0,0
26/02/2020,29.5,32.1,9.9,1011.1,178.3,278.1,20.1,0,0
27/02/2020,29.3,34.8,11.2,1011.3,168.4,278.3,20.2,0,0
28/02/2020,28,42.4,13.5,1009.8,165.4,273.9,24,100,1
29/02/2020,27.2,54.7,16.8,1009.7,186.9,258.4,20.2,0,0
01/03/2020,27.2,62.7,19,1010.7,242.2,264.4,20.5,0,0
02/03/2020,26.4,64,18.8,1011.6,202.6,274.7,21.7,0,0
03/03/2020,26.5,68.4,20,1012.2,203.9,282.3,20.7,0,0
04/03/2020,26,66.4,19.2,1011.9,250.3,246.8,24,0,0
05/03/2020,26.1,68.8,19.8,1010.8,189.6,273.8,23.6,0,0
06/03/2020,26.9,61.8,18.9,1010.8,252.4,283.2,24,0,0
07/03/2020,26,62.3,18.1,1012.7,237.7,290,24.6,0,0
08/03/2020,25.3,58.7,16.5,1012.6,188,290.1,23.5,0,0
09/03/2020,25.6,67.2,19,1011.5,210.8,285,24.1,0,0
10/03/2020,26.1,68.5,19.7,1011.2,231.2,290.5,21.1,0,0
11/03/2020,26.1,58.2,17.1,1012.2,282.8,300.5,21.9,0,0
12/03/2020,25.4,59,16.7,1013.7,235.1,273.6,24.6,100,1
13/03/2020,25.1,49.7,13.4,1014.1,201.1,304.5,25.3,0,0
14/03/2020,26.3,43.9,12.2,1011.9,158.9,308.8,18.9,0,0
15/03/2020,28.1,41.6,12.9,1010.3,177.4,300.4,23.5,0,0
16/03/2020,29.7,39.2,13.7,1011,174.2,288.7,21.9,100,1
17/03/2020,29.3,44.8,15.5,1011.6,157.8,288,24.1,100,1
18/03/2020,29.2,47.6,16.4,1012.1,197.8,286.2,20.7,0,0
19/03/2020,28.2,55.2,17.8,1012,212.2,306,22.9,0,0
20/03/2020,27.3,66.1,20.2,1012.3,249.2,300.5,21.3,0,0
21/03/2020,26.8,68.8,20.5,1012.2,214.2,295,20.2,0,0
22/03/2020,27.7,69.8,21.4,1011.7,248.2,296.3,24.3,0,0
23/03/2020,29.1,66.8,21.9,1010.1,264,295.7,24.6,0,0
24/03/2020,29.5,63.8,21.7,1008.3,190.9,283.3,22.2,0,0
25/03/2020,29.3,71.7,23.6,1008.4,207.5,247.8,24.6,100,1
26/03/2020,29.5,71.8,23.7,1009.4,199.1,221,24.6,100,1
27/03/2020,29.3,69.5,23,1011.3,283.3,242.7,23.6,100,1
28/03/2020,29.6,52.9,18.3,1011,260.7,277.3,24,0,0
29/03/2020,29.9,50.6,18.3,1009.3,268.9,294.4,21.3,0,0
30/03/2020,29.1,56.1,19.3,1009.8,228.5,294.1,21.3,100,1
31/03/2020,28.7,64.4,20.7,1010.9,220.2,295.2,24.6,0,0
01/04/2020,29,65.6,21.6,1010.3,237.3,302.8,21.9,0,0
02/04/2020,29.6,65.4,22,1008.7,275,303,23.3,0,0
03/04/2020,29.6,67.6,22.6,1009.1,273,297.1,26.5,0,0
04/04/2020,29.4,72.2,23.6,1009.6,221.7,304.9,25.8,0,0
05/04/2020,29.3,73.5,23.8,1010.7,216,302.6,25.3,0,0
06/04/2020,28.8,78,24.5,1011.6,218.4,294,23.6,0,0
07/04/2020,28.2,77.2,23.7,1010.7,209.8,303.7,25.8,0,0
08/04/2020,28.3,72.4,22.8,1011.8,221.5,315.3,22.8,0,0
09/04/2020,28.5,71.3,22.6,1011,196.6,310.2,21.8,0,0
10/04/2020,29.2,73.8,23.9,1010.5,244.1,300.6,24.6,0,0
11/04/2020,30,72.4,24.3,1011.1,244.5,288.8,27.7,0,0
12/04/2020,30.1,76.7,25.4,1010.4,189.9,292.3,24.7,100,1
13/04/2020,29.9,78.1,25.6,1009.3,183.1,293.6,21.7,100,1
14/04/2020,30.6,73.1,25,1009,208.2,300.6,23.5,0,0
15/04/2020,30.6,72.7,25,1009.9,182.5,286.7,22.2,0,0
16/04/2020,30.4,75.6,25.5,1009.5,183.8,291.5,24.6,100,1
17/04/2020,30.3,76.8,25.6,1008.8,183.6,290.7,22.8,100,1
18/04/2020,30.6,72.8,25,1009.3,206.4,282.3,23,100,1
19/04/2020,31.3,71,25.3,1008.9,221.5,300,25.4,100,1
20/04/2020,32.8,55.4,21.6,1007.9,216,314.1,26.4,100,1
21/04/2020,30.7,64.7,23.2,1009.4,201.9,317,24.7,0,0
22/04/2020,30.2,74.4,25,1008.6,228.8,312.1,24.6,0,0
23/04/2020,30.7,73.4,25.3,1008.7,175.6,285.2,23.3,0,0
24/04/2020,30.8,72.2,25.1,1008,209.5,280.3,26.5,0,0
25/04/2020,30.5,68.8,24,1009,206.1,317.9,26.5,0,0
26/04/2020,29.9,70.9,23.9,1009.2,181.2,323.6,27.2,0,0
27/04/2020,30.1,69.7,23.9,1010.5,264.5,322,27.7,0,0
28/04/2020,30.8,72.3,25.1,1008.6,238,315.2,20.4,0,0
29/04/2020,31.1,73.1,25.6,1008.5,237.9,296,27.1,100,1
30/04/2020,31,73.8,25.7,1009.7,226.9,292.2,22.8,100,1
01/05/2020,30.9,72.5,25.3,1009.7,264.2,284.3,24.6,100,1
02/05/2020,30.6,73.9,25.3,1008.4,195,300.1,25.9,100,1
03/05/2020,30.8,74.4,25.6,1008.1,233.8,274.4,28.3,100,1
04/05/2020,30.5,74.5,25.3,1009.1,235.3,314.4,25.8,0,0
05/05/2020,30.7,74.3,25.5,1008.4,238.3,282.5,24.7,100,1
06/05/2020,31.1,75.7,26.2,1007.4,218.7,286.4,21.1,100,1
07/05/2020,30.6,74.6,25.5,1008.1,206.6,310.1,24,0,0
08/05/2020,30.6,71.9,24.9,1008.5,233.1,316.6,23.5,0,0
09/05/2020,30.6,72.5,25,1008.4,228,318.2,25.3,0,0
10/05/2020,30.8,74,25.6,1007.9,203.6,320.2,25.8,0,0
11/05/2020,31,71.2,25,1008.4,192.6,329,25.3,100,1
12/05/2020,30.5,73.6,25.1,1007.8,213.9,325.3,22.3,0,0
13/05/2020,30.7,74.3,25.5,1007.1,235,315.4,27.1,0,0
14/05/2020,31.2,73.3,25.7,1006.6,237.5,302.3,26.5,100,1
15/05/2020,31.5,69.1,25,1006.4,284.8,257.4,25.8,100,1
16/05/2020,31.2,73.4,25.8,1006.5,251.7,143.6,25.3,100,1
17/05/2020,31.2,71.2,25.3,1005.8,261.5,261.2,23.5,0,0
18/05/2020,30.9,71,24.9,1005.2,299,301.9,28.3,0,0
19/05/2020,30.7,69.3,24.3,1005,277.2,307.7,27.1,0,0
20/05/2020,30.6,69,24.2,1005,265.7,326.5,27.1,0,0
21/05/2020,30.9,69.4,24.5,1006.3,225.1,317.1,24.1,0,0
22/05/2020,31.1,71.1,25.1,1007.3,275.5,319.7,22.3,0,0
23/05/2020,31,72.7,25.4,1007,206,315.8,24.1,0,0
24/05/2020,31,74.9,26,1007.7,291.7,297.1,25.5,0,0
25/05/2020,31,77.1,26.4,1008.1,281.2,286.5,24.7,0,0
26/05/2020,31.2,74.8,26.1,1008.3,276.1,288.1,22.9,0,0
27/05/2020,31.2,71.3,25.3,1007.7,265,296.8,27.1,0,0
28/05/2020,31.4,70.2,25.2,1007,256.6,262,21.7,0,0
29/05/2020,31.7,72,25.9,1007.1,257.4,202.3,22.9,0,0
30/05/2020,32.1,70.8,26,1007.3,282.5,169.3,26.6,0,0
31/05/2020,32.3,68.4,25.5,1007.6,285.5,127,26.5,100,1
01/06/2020,30.3,75,25.3,1007.9,211.1,166.4,19,100,1
02/06/2020,29.8,75.4,24.8,1005,98.8,107.1,21.7,100,1
03/06/2020,27,84.2,24.1,998.3,146.7,58,42.5,100,1
04/06/2020,26.7,87.6,24.4,1004.8,145.6,102.1,29.5,100,1
05/06/2020,28.2,75.4,23.1,1005.8,148.8,249,21.9,100,1
06/06/2020,29.1,82.7,25.8,1005.5,169.1,247.6,53.6,100,1
07/06/2020,29.7,75.9,24.9,1005.4,185.2,111.6,27.1,100,1
08/06/2020,27.7,78.7,23.5,1006.3,198.4,295.8,26.5,100,1
09/06/2020,29.3,79.4,25.3,1006.1,201.3,257.3,23.5,100,1
10/06/2020,30,79.7,26.1,1005.2,207.4,270,24.1,100,1
11/06/2020,29.6,81,25.9,1002.8,198.8,247.1,23.6,100,1
12/06/2020,29.2,81.8,25.7,1000.8,171.8,152.2,19,100,1
13/06/2020,28.8,85,25.9,1000.9,180.6,119.3,23,100,1
14/06/2020,29.2,84.1,26.1,1002.1,166,160.3,24,100,1
15/06/2020,29.1,85.6,26.4,1001.8,161.8,84.2,22.8,100,1
16/06/2020,28.7,87.7,26.4,1001.1,183.1,144.4,21.7,100,1
17/06/2020,28.9,82.1,25.5,1001.5,163.3,149.3,24.1,100,1
18/06/2020,27.6,90.1,25.8,1003.2,151.1,182.8,17,100,1
19/06/2020,29.4,86.5,26.8,1005,174.2,204.9,24.1,100,1
20/06/2020,30.2,81.4,26.6,1005.8,190.3,224.1,23.3,100,1
21/06/2020,29.9,81.1,26.2,1004.7,191.5,166.8,22.3,100,1
22/06/2020,29.4,83.6,26.3,1003.2,153.8,238.8,27.7,100,1
23/06/2020,29.3,79.6,25.3,1004,171.3,231.1,29,100,1
24/06/2020,29.8,77.1,25.3,1004.7,186.9,268.2,21.7,100,1
25/06/2020,30.2,79.5,26.2,1003.9,189.2,262.2,21.8,100,1
26/06/2020,29.8,83,26.5,1003.7,164.9,125.3,19.6,100,1
27/06/2020,30.6,77.5,26.2,1004.3,190.2,200,21.1,100,1
28/06/2020,29.6,82.8,26.3,1004.1,167.9,175.7,19.8,100,1
29/06/2020,29.3,84.9,26.4,1003.3,212.8,203.2,22.9,100,1
30/06/2020,28.5,86.1,25.9,1002,188.1,143.3,24,100,1
01/07/2020,28.9,84,25.8,1003.2,179.2,241.9,24.1,100,1
02/07/2020,28.6,84.7,25.7,1002.8,179.3,238.3,23.3,100,1
03/07/2020,27.1,93.8,26,1002.2,178.2,117.4,31.6,100,1
04/07/2020,26.6,97.2,26.2,1000.7,217.5,106.1,22.3,100,1
05/07/2020,27.3,92.7,26,1000.4,230.3,107.2,26.4,100,1
06/07/2020,29.1,84.5,26.2,998.7,211.1,244.7,35.1,100,1
07/07/2020,28,91.8,26.5,1000.2,218,188.5,30.1,100,1
08/07/2020,28.8,88.4,26.7,1003.4,226.6,292.1,30,100,1
09/07/2020,28.9,87.4,26.5,1003.6,204.3,290.3,25.4,100,1
10/07/2020,29.6,84.1,26.6,1004.1,219.1,211,25.9,100,1
11/07/2020,29.4,85.7,26.6,1003.9,194.7,211.2,24.6,100,1
12/07/2020,26.5,93.4,25.4,1004.5,155.9,168.8,21.1,100,1
13/07/2020,27.2,92.9,25.9,1003.7,170.4,166.5,31.7,100,1
14/07/2020,26.7,95.8,26,1003.4,187.9,196.2,14.8,100,1
15/07/2020,26.3,97.2,25.8,1002,143.3,89.7,22.3,100,1
16/07/2020,26.2,96.5,25.6,998.9,179.4,161.3,28.8,100,1
17/07/2020,26.8,94.6,25.8,998.5,157.5,238.8,20.5,100,1
18/07/2020,28.3,89.3,26.3,1002.3,164.4,269.2,18.4,100,1
19/07/2020,29.2,86.6,26.7,1005,181.2,225.2,25.9,100,1
20/07/2020,29.4,83.3,26.2,1003.6,219.3,155.9,19.8,100,1
21/07/2020,29.6,81.1,25.9,1004.3,188,176,20.5,100,1
22/07/2020,29.5,80.7,25.8,1005.7,174.3,211.9,20.5,100,1
23/07/2020,28.8,86.3,26.2,1004.9,161.8,160.8,20.5,100,1
24/07/2020,27.9,88.5,25.8,1005.8,133.4,145.4,14.8,100,1
25/07/2020,28.6,83.1,25.3,1005.8,168.8,173.8,19,100,1
26/07/2020,28.2,86.8,25.7,1006.7,131.9,283.4,20.7,100,1
27/07/2020,26.9,93.5,25.8,1007.6,192.3,244.7,20.5,100,1
28/07/2020,26.5,95.8,25.7,1006.4,105.2,221.3,25.8,100,1
29/07/2020,27.5,90.9,25.8,1004,136.3,100.1,21.1,100,1
30/07/2020,27.3,93.2,26.1,1003.9,181.2,287,19.6,100,1
31/07/2020,28.5,86.5,25.9,1003.6,164.8,193.3,22.3,100,1
01/08/2020,28.7,84.7,25.8,1003.3,155.8,146.9,20.5,100,1
02/08/2020,29.1,81.7,25.6,1002,169.3,170.6,23.3,100,1
03/08/2020,28.1,88.6,26,999.9,196.1,115.4,22.3,100,1
04/08/2020,26.8,94.9,25.9,996.2,244.2,145.2,44.6,100,1
05/08/2020,26.3,95.4,25.5,994.1,254.1,107.9,51.8,100,1
06/08/2020,26.5,95.4,25.6,995.4,251.3,142.2,40.8,100,1
07/08/2020,27.8,90,26,1001.2,229.7,279.4,39.2,100,1
08/08/2020,28.2,88.5,26.1,1003.9,235.3,264.5,22.3,100,1
09/08/2020,29,85.5,26.3,1003.6,249.1,197.6,22.9,100,1
10/08/2020,28.6,86.3,26.1,1003.3,247.9,131.5,21.1,100,1
11/08/2020,28.2,87,25.9,1005,242.8,189.7,22.3,100,1
12/08/2020,27.3,91.8,25.8,1006.3,245.3,158.8,22.3,100,1
13/08/2020,27.8,89.1,25.9,1004.2,245.3,104.4,35.3,100,1
14/08/2020,26.7,92.8,25.5,1002.3,228.5,176.5,29.5,100,1
15/08/2020,27.6,90.8,25.9,1002,231.8,160.6,22.3,100,1
16/08/2020,28,89.2,26.1,1002.9,245.7,122.2,128.1,100,1
17/08/2020,27.3,91.7,25.8,1002.7,237.4,122.6,23,100,1
18/08/2020,27.4,89.4,25.4,1004.2,237.7,219.2,22.2,100,1
19/08/2020,27.9,86.7,25.4,1003.8,239,239.9,22.3,100,1
20/08/2020,27.4,91.8,25.9,1002.8,236.8,82,22.8,100,1
21/08/2020,26.6,94.1,25.6,1004.1,235.9,125.4,30.6,100,1
22/08/2020,27.4,91.1,25.8,1004.7,232.4,209.1,31.7,100,1
23/08/2020,28.2,86.9,25.8,1005.4,227.1,231.2,22.3,100,1
24/08/2020,28.3,86.4,25.7,1006.1,224.5,259.1,21.1,100,1
25/08/2020,28.4,84.8,25.6,1008.4,225.9,280,23.6,100,1
26/08/2020,28.3,83.3,25.2,1008.6,217.8,264.7,23,100,1
27/08/2020,28.5,82,25.1,1007.3,234.5,262.3,23,100,1
28/08/2020,26.4,92.5,25,1005.7,206.5,186.9,26,100,1
29/08/2020,26.1,95.2,25.2,1005.2,218,113.3,22.3,100,1
30/08/2020,26.3,93.3,25.1,1005.5,208,122.2,24.1,100,1
31/08/2020,27.3,88.6,25.2,1007.5,220,250.2,25.9,100,1
01/09/2020,27.4,87.2,25.1,1009,175.7,246.7,18.4,100,1
02/09/2020,28.5,85.5,25.7,1008.2,168,237.6,19.8,100,1
03/09/2020,29,82,25.5,1007.1,198.6,162.1,21.8,100,1
04/09/2020,29.7,79.1,25.6,1006.1,173.8,209.4,19,100,1
05/09/2020,30.1,82.6,26.7,1005.5,210.8,219.1,24.7,100,1
06/09/2020,30.4,84.8,27.5,1004.5,222.5,205,17.1,100,1
07/09/2020,28.7,83.4,25.6,1006.3,250.3,205.5,19.6,100,1
08/09/2020,29.7,79.3,25.6,1006.6,193.6,182.9,21.1,100,1
09/09/2020,30.1,82.6,26.8,1004.9,153.2,154.6,20.5,100,1
10/09/2020,29.6,81.5,26.1,1003.3,175.7,83.3,17.2,100,1
11/09/2020,28.9,84.4,25.9,1002.7,141.5,110.2,16.6,100,1
12/09/2020,28.2,85.2,25.4,1004.1,147,197.4,27,100,1
13/09/2020,28.3,84.4,25.3,1006.6,196.9,213.1,22.3,100,1
14/09/2020,27.6,86.8,25.1,1006.3,165.5,156.1,19.6,100,1
15/09/2020,27.7,86.5,25.2,1006.2,153.1,131.6,16.9,100,1
16/09/2020,27.7,88.9,25.7,1006.4,143,130.6,15.9,100,1
17/09/2020,27.3,90.2,25.5,1006.9,163.2,143.2,16.6,100,1
18/09/2020,27,90.4,25.3,1005.9,132.1,99.7,9.4,100,1
19/09/2020,27.4,92.7,26.1,1003.6,151.6,178.7,10,100,1
20/09/2020,28.9,82,25.4,1001.8,171.3,80.5,17.2,100,1
21/09/2020,28.1,90.4,26.3,1000.7,115.1,147.4,17.3,100,1
22/09/2020,26.7,95,25.8,1001.1,170.2,77.1,18.4,100,1
23/09/2020,26,98.2,25.7,1002.9,236.5,148.7,21.7,100,1
24/09/2020,27.4,91.6,25.8,1006.9,114.2,170.1,16.1,100,1
25/09/2020,28,86.9,25.6,1007.7,200,177.4,16.6,100,1
26/09/2020,29,75.7,24.2,1007.5,267.9,172.1,19.8,100,1
27/09/2020,28.7,79,24.5,1008.6,180.2,272.3,16.1,100,1
28/09/2020,28.5,79.9,24.6,1008.9,165,279.9,16.4,100,1
29/09/2020,28.8,78.5,24.6,1008.3,166.3,278.6,21.1,100,1
30/09/2020,28.9,77.9,24.5,1007.6,213.6,278.6,22.3,0,0
01/10/2020,29,76.2,24.3,1008.2,185.9,245.9,19.6,100,1
02/10/2020,29.2,80.5,25.4,1008,175.9,243.6,20.6,100,1
03/10/2020,28.8,85,26,1008,130.5,207.1,20.5,100,1
04/10/2020,27.2,87.2,24.8,1009.7,214.5,190.3,22.3,100,1
05/10/2020,28.5,83.8,25.5,1008.8,221.8,251.9,18.4,100,1
06/10/2020,29,82.3,25.6,1008.3,172.1,173.9,21.8,0,0
07/10/2020,30,77.6,25.6,1008.7,183.9,227.6,17.1,100,1
08/10/2020,29.9,81.6,26.4,1007.9,189.9,228,14.8,100,1
09/10/2020,31.1,70.9,24.9,1007,123.6,239.3,18.4,100,1
10/10/2020,30,80.9,26.2,1006.6,123.2,161.1,15.5,100,1
11/10/2020,29,84.2,26,1005.4,153.8,127.3,12.5,100,1
12/10/2020,29.3,84.3,26.3,1003.4,136.2,188,14.8,100,1
13/10/2020,29.5,87.1,27,1002.9,125.4,167.5,15.5,100,1
14/10/2020,28.5,88.2,26.3,1003,150.3,91.4,13,100,1
15/10/2020,27.4,93.7,26.2,1001.1,234.1,61.9,14.8,100,1
16/10/2020,29.1,78.5,24.8,1001.6,103.8,122.3,14.9,100,1
17/10/2020,29.1,72.7,23.7,1005.2,156.4,207,17,100,1
18/10/2020,28.7,78.7,24.5,1007.4,184.3,250.2,18.4,0,0
19/10/2020,28.9,83.5,25.8,1007.8,153,143.6,18.4,100,1
20/10/2020,29.6,85.7,26.8,1007.1,196.3,117.7,18.4,100,1
21/10/2020,29.6,83.7,26.4,1007.4,142,104.7,17.8,100,1
22/10/2020,28.9,85.7,26.2,1006.4,152.8,69.7,18.4,100,1
23/10/2020,29.1,80.2,25.3,1006.5,170.1,114.3,16.7,100,1
24/10/2020,29.5,85.5,26.7,1008.2,153.9,173.8,19.9,100,1
25/10/2020,29.6,81.9,26.1,1010,168.4,199.1,16.1,100,1
26/10/2020,29.6,72.7,23.9,1011,119.8,210.4,16.6,0,0
27/10/2020,29.9,58.2,20.3,1010.1,158.8,229.9,14.9,0,0
28/10/2020,29.6,65.6,22.3,1010.5,176,238.3,15.5,0,0
29/10/2020,29.3,69.7,23,1010.9,172.7,240.4,16.6,0,0
30/10/2020,29.6,65.6,22,1010.7,131.3,240.8,22.3,0,0
31/10/2020,29.1,58.2,19.4,1011,154.1,247.3,16,0,0
01/11/2020,28.9,56,18.8,1011.7,143.6,220,15.3,0,0
02/11/2020,29.7,62.9,21.5,1012,176.2,203.9,15.4,0,0
03/11/2020,29.8,60.8,21.1,1011.8,159.2,207,16.1,0,0
04/11/2020,29.8,57.6,19.8,1011.5,133.2,214.1,13,0,0
05/11/2020,29.5,51.9,17.9,1012.2,78.8,217.4,14.2,0,0
06/11/2020,29.3,47.4,16.2,1013.9,81,231.9,18.4,0,0
07/11/2020,28.8,52.9,17.7,1013.8,124.2,226.3,16.6,0,0
08/11/2020,29.8,48,17.1,1013.6,106.1,218.2,17.2,0,0
09/11/2020,29,48.2,16.1,1013.2,85,223.6,13.5,0,0
10/11/2020,28.1,48.7,15.3,1011.2,139.4,223.4,18.7,0,0
11/11/2020,27.4,41.5,12.2,1011.8,108.3,220.4,17.2,0,0
12/11/2020,28,40.9,13,1012.6,148.4,225.1,16.6,0,0
13/11/2020,28.4,56.9,18.7,1011.9,131.8,223.4,18.4,0,0
14/11/2020,29.5,61.3,20.9,1010.2,154.2,232.7,19.3,0,0
15/11/2020,29.7,65.4,22.3,1010.7,150.5,225.9,17.1,0,0
